Workbook

Sheet Dashboard
B1: PLACEMENT INSIGHTS 360 | Campus Placement Analytics
B4: Select Batch > | C4: All | E4: Synthetic data | all numbers are live formulas | change the batch to refresh every card and chart
B6: TOTAL STUDENTS | D6: PLACED | F6: PLACEMENT RATE | H6: AVG CTC | J6: HIGHEST CTC | L6: ACTIVE RECRUITERS
B7: =Analysis!B5 -> 600 | D7: =Analysis!B6 -> 388 | F7: =Analysis!B7 -> 0.64666667 | H7: =Analysis!B8 -> 10.240979 | J7: =Analysis!B10 -> 29.9 | L7: =Analysis!B14 -> 30
B10: ="> Best course by placement rate: "&INDEX(Analysis!A20:A24,MATCH(MAX(Analysis!D20:D24),Analysis!D20:D24,0))&" ("&TEXT(MAX(Analysis!D20:D24),"0.0%")&")" -> > Best course by placement rate: DSA with Java (76.5%)
B11: ="> Top recruiter: "&Analysis!B83&" with "&Analysis!E83&" hires at an average of "&TEXT(Analysis!F83,"0.0")&" LPA" -> > Top recruiter: Sapphire Infotech with 20 hires at an average of 5.8 LPA
B12: ="> Elite-tier students are placed at "&TEXT(Analysis!D47,"0%")&" vs "&TEXT(Analysis!D44,"0%")&" for Foundation-tier students" -> > Elite-tier students are placed at 93% vs 29% for Foundation-tier students

Sheet About
A1: Placement Insights 360
A2: Purpose | B2: End-to-end analytics of a campus placement cycle: readiness, hiring funnel, packages and recruiters.
A3: Data | B3: 100% synthetic (600 students, 30 fictional companies, ~3,100 applications). Generated by scripts/generate_data.py.
A5: SHEET GUIDE
A6: Dashboard | B6: Batch dropdown (C4), KPI cards, auto-insight sentences and 6 charts - all driven by formulas.
A7: Analysis | B7: The calculation engine: 9 summary tables that feed the dashboard.
A8: Students | B8: Raw student attributes + calculated Readiness Score / Tier, Offers, Placed, CTC, Company.
A9: Applications | B9: One row per application. Lookup columns pull Batch, Course, Sector, Tier from other sheets.
A10: Companies | B10: Recruiter master + live Applications / Offers / Hires / Avg CTC (respond to the batch selector).
A11: Assumptions | B11: Editable weights, tier thresholds, CTC bands, stage order. Blue font = input.
A13: EXCEL TECHNIQUES USED
A14: Lookups | B14: INDEX/MATCH two-way lookups across sheets; approximate-match LOOKUP for tier banding.
A15: Conditional aggregation | B15: COUNTIFS / SUMIFS / AVERAGEIFS / MAXIFS with a wildcard criterion so one dropdown means 'All' or one batch.
A16: Array formula | B16: Median CTC with MEDIAN(IF(...)) entered as a CSE array formula.
A17: Top-N ranking | B17: LARGE + MATCH with a ROW()-based tie-breaker column (Companies!K) - no sorting needed.
A18: Data model hygiene | B18: Excel Tables (tblStudents, tblApplications, tblCompanies), data validation, frozen panes, named assumptions.
A19: Visual analytics | B19: Data bars, colour scales, icon sets, rule-based formatting, 6 native charts.
A20: Dynamic text | B20: Insight sentences built with INDEX/MATCH + TEXT that rewrite themselves per batch.
A22: NOTE | B22: Independent portfolio project. Not affiliated with or endorsed by any training company.

Sheet Analysis
A1: Analysis Engine (feeds the Dashboard)
A2: Batch criterion (from Dashboard) | B2: =IF(Dashboard!$C$4="All","*",Dashboard!$C$4) -> * | C2: ="Showing: "&Dashboard!$C$4 -> Showing: All
A4: 1. Headline KPIs
A5: Total Students | B5: =COUNTIFS(Students!$C$2:$C$601,$B$2) -> 600
A6: Placed Students | B6: =COUNTIFS(Students!$C$2:$C$601,$B$2,Students!$O$2:$O$601,"Yes") -> 388
A7: Placement Rate | B7: =IF(B5=0,0,B6/B5) -> 0.64666667
A8: Average CTC (LPA) | B8: =IFERROR(AVERAGEIFS(Students!$P$2:$P$601,Students!$C$2:$C$601,$B$2,Students!$O$2:$O$601,"Yes"),0) -> 10.240979
A9: Median CTC (LPA) | B9: {=IFERROR(MEDIAN(IF((Students!$O$2:$O$601="Yes")*((($B$2="*")+(Students!$C$2:$C$601=$B$2))>0),Students!$P$2:$P$601)),0)} -> 8.35
A10: Highest CTC (LPA) | B10: =_xlfn.MAXIFS(Students!$P$2:$P$601,Students!$C$2:$C$601,$B$2,Students!$O$2:$O$601,"Yes") -> 29.9
A11: Total Applications | B11: =COUNTIFS(Applications!$J$2:$J$3144,$B$2) -> 3143
A12: Offers Made | B12: =COUNTIFS(Applications!$J$2:$J$3144,$B$2,Applications!$F$2:$F$3144,"Offered") -> 876
A13: Offer-to-Hire Conversion | B13: =IF(B12=0,0,B6/B12) -> 0.44292237
A14: Active Recruiters (>=1 hire) | B14: =COUNTIF(Companies!$H$2:$H$31,">0") -> 30
A15: Avg Applications / Student | B15: =IF(B5=0,0,B11/B5) -> 5.2383333
A18: 2. Placement by Course
A19: Course | B19: Students | C19: Placed | D19: Placement Rate | E19: Avg CTC (LPA)
A20: Cybersecurity | B20: =COUNTIFS(Students!$D$2:$D$601,$A20,Students!$C$2:$C$601,$B$2) -> 61 | C20: =COUNTIFS(Students!$D$2:$D$601,$A20,Students!$C$2:$C$601,$B$2,Students!$O$2:$O$601,"Yes") -> 39 | D20: =IF(B20=0,0,C20/B20) -> 0.63934426 | E20: =IFERROR(AVERAGEIFS(Students!$P$2:$P$601,Students!$D$2:$D$601,$A20,Students!$C$2:$C$601,$B$2,Students!$O$2:$O$601,"Yes"),0) -> 8.4641026
A21: DSA with Java | B21: =COUNTIFS(Students!$D$2:$D$601,$A21,Students!$C$2:$C$601,$B$2) -> 162 | C21: =COUNTIFS(Students!$D$2:$D$601,$A21,Students!$C$2:$C$601,$B$2,Students!$O$2:$O$601,"Yes") -> 124 | D21: =IF(B21=0,0,C21/B21) -> 0.7654321 | E21: =IFERROR(AVERAGEIFS(Students!$P$2:$P$601,Students!$D$2:$D$601,$A21,Students!$C$2:$C$601,$B$2,Students!$O$2:$O$601,"Yes"),0) -> 11.985484
A22: Data Analytics | B22: =COUNTIFS(Students!$D$2:$D$601,$A22,Students!$C$2:$C$601,$B$2) -> 100 | C22: =COUNTIFS(Students!$D$2:$D$601,$A22,Students!$C$2:$C$601,$B$2,Students!$O$2:$O$601,"Yes") -> 51 | D22: =IF(B22=0,0,C22/B22) -> 0.51 | E22: =IFERROR(AVERAGEIFS(Students!$P$2:$P$601,Students!$D$2:$D$601,$A22,Students!$C$2:$C$601,$B$2,Students!$O$2:$O$601,"Yes"),0) -> 9.9254902
A23: Data Science & ML | B23: =COUNTIFS(Students!$D$2:$D$601,$A23,Students!$C$2:$C$601,$B$2) -> 110 | C23: =COUNTIFS(Students!$D$2:$D$601,$A23,Students!$C$2:$C$601,$B$2,Students!$O$2:$O$601,"Yes") -> 73 | D23: =IF(B23=0,0,C23/B23) -> 0.66363636 | E23: =IFERROR(AVERAGEIFS(Students!$P$2:$P$601,Students!$D$2:$D$601,$A23,Students!$C$2:$C$601,$B$2,Students!$O$2:$O$601,"Yes"),0) -> 10.167123
A24: Full Stack Development | B24: =COUNTIFS(Students!$D$2:$D$601,$A24,Students!$C$2:$C$601,$B$2) -> 167 | C24: =COUNTIFS(Students!$D$2:$D$601,$A24,Students!$C$2:$C$601,$B$2,Students!$O$2:$O$601,"Yes") -> 101 | D24: =IF(B24=0,0,C24/B24) -> 0.60479042 | E24: =IFERROR(AVERAGEIFS(Students!$P$2:$P$601,Students!$D$2:$D$601,$A24,Students!$C$2:$C$601,$B$2,Students!$O$2:$O$601,"Yes"),0) -> 8.9980198
A26: 3. Hiring Funnel (applications reaching each stage)
A27: Stage | B27: Applications | C27: % of Applied
A28: =Assumptions!K4 -> Applied | B28: =COUNTIFS(Applications!$J$2:$J$3144,$B$2,Applications!$N$2:$N$3144,">="&MATCH(A28,Assumptions!$K$4:$K$8,0)) -> 3143 | C28: =IF($B$28=0,0,B28/$B$28) -> 1
A29: =Assumptions!K5 -> Online Test | B29: =COUNTIFS(Applications!$J$2:$J$3144,$B$2,Applications!$N$2:$N$3144,">="&MATCH(A29,Assumptions!$K$4:$K$8,0)) -> 2149 | C29: =IF($B$28=0,0,B29/$B$28) -> 0.68374165
A30: =Assumptions!K6 -> Technical Interview | B30: =COUNTIFS(Applications!$J$2:$J$3144,$B$2,Applications!$N$2:$N$3144,">="&MATCH(A30,Assumptions!$K$4:$K$8,0)) -> 1525 | C30: =IF($B$28=0,0,B30/$B$28) -> 0.48520522
A31: =Assumptions!K7 -> HR Interview | B31: =COUNTIFS(Applications!$J$2:$J$3144,$B$2,Applications!$N$2:$N$3144,">="&MATCH(A31,Assumptions!$K$4:$K$8,0)) -> 1124 | C31: =IF($B$28=0,0,B31/$B$28) -> 0.35762011
A32: =Assumptions!K8 -> Offered | B32: =COUNTIFS(Applications!$J$2:$J$3144,$B$2,Applications!$N$2:$N$3144,">="&MATCH(A32,Assumptions!$K$4:$K$8,0)) -> 876 | C32: =IF($B$28=0,0,B32/$B$28) -> 0.2787146
A34: 4. Placed Students by CTC Band
A35: CTC Band | B35: Students | C35: % of Placed
A36: =Assumptions!G4 -> Below 5 LPA | B36: =COUNTIFS(Students!$P$2:$P$601,">="&Assumptions!H4,Students!$P$2:$P$601,"<"&Assumptions!I4,Students!$O$2:$O$601,"Yes",Students!$C$2:$C$601,$B$2) -> 26 | C36: =IF($B$6=0,0,B36/$B$6) -> 0.067010309
A37: =Assumptions!G5 -> 5 - 8 LPA | B37: =COUNTIFS(Students!$P$2:$P$601,">="&Assumptions!H5,Students!$P$2:$P$601,"<"&Assumptions!I5,Students!$O$2:$O$601,"Yes",Students!$C$2:$C$601,$B$2) -> 164 | C37: =IF($B$6=0,0,B37/$B$6) -> 0.42268041
A38: =Assumptions!G6 -> 8 - 12 LPA | B38: =COUNTIFS(Students!$P$2:$P$601,">="&Assumptions!H6,Students!$P$2:$P$601,"<"&Assumptions!I6,Students!$O$2:$O$601,"Yes",Students!$C$2:$C$601,$B$2) -> 73 | C38: =IF($B$6=0,0,B38/$B$6) -> 0.18814433
A39: =Assumptions!G7 -> 12 - 18 LPA | B39: =COUNTIFS(Students!$P$2:$P$601,">="&Assumptions!H7,Students!$P$2:$P$601,"<"&Assumptions!I7,Students!$O$2:$O$601,"Yes",Students!$C$2:$C$601,$B$2) -> 89 | C39: =IF($B$6=0,0,B39/$B$6) -> 0.22938144
A40: =Assumptions!G8 -> 18+ LPA | B40: =COUNTIFS(Students!$P$2:$P$601,">="&Assumptions!H8,Students!$P$2:$P$601,"<"&Assumptions!I8,Students!$O$2:$O$601,"Yes",Students!$C$2:$C$601,$B$2) -> 36 | C40: =IF($B$6=0,0,B40/$B$6) -> 0.092783505
A42: 5. Readiness Tier vs Outcome
A43: Readiness Tier | B43: Students | C43: Placed | D43: Placement Rate | E43: Avg CTC (LPA)
A44: =Assumptions!E4 -> Foundation | B44: =COUNTIFS(Students!$L$2:$L$601,$A44,Students!$C$2:$C$601,$B$2) -> 116 | C44: =COUNTIFS(Students!$L$2:$L$601,$A44,Students!$C$2:$C$601,$B$2,Students!$O$2:$O$601,"Yes") -> 34 | D44: =IF(B44=0,0,C44/B44) -> 0.29310345 | E44: =IFERROR(AVERAGEIFS(Students!$P$2:$P$601,Students!$L$2:$L$601,$A44,Students!$C$2:$C$601,$B$2,Students!$O$2:$O$601,"Yes"),0) -> 6.1617647
A45: =Assumptions!E5 -> Developing | B45: =COUNTIFS(Students!$L$2:$L$601,$A45,Students!$C$2:$C$601,$B$2) -> 261 | C45: =COUNTIFS(Students!$L$2:$L$601,$A45,Students!$C$2:$C$601,$B$2,Students!$O$2:$O$601,"Yes") -> 165 | D45: =IF(B45=0,0,C45/B45) -> 0.63218391 | E45: =IFERROR(AVERAGEIFS(Students!$P$2:$P$601,Students!$L$2:$L$601,$A45,Students!$C$2:$C$601,$B$2,Students!$O$2:$O$601,"Yes"),0) -> 8.5121212
A46: =Assumptions!E6 -> Job-Ready | B46: =COUNTIFS(Students!$L$2:$L$601,$A46,Students!$C$2:$C$601,$B$2) -> 193 | C46: =COUNTIFS(Students!$L$2:$L$601,$A46,Students!$C$2:$C$601,$B$2,Students!$O$2:$O$601,"Yes") -> 161 | D46: =IF(B46=0,0,C46/B46) -> 0.83419689 | E46: =IFERROR(AVERAGEIFS(Students!$P$2:$P$601,Students!$L$2:$L$601,$A46,Students!$C$2:$C$601,$B$2,Students!$O$2:$O$601,"Yes"),0) -> 11.554658
A47: =Assumptions!E7 -> Elite | B47: =COUNTIFS(Students!$L$2:$L$601,$A47,Students!$C$2:$C$601,$B$2) -> 30 | C47: =COUNTIFS(Students!$L$2:$L$601,$A47,Students!$C$2:$C$601,$B$2,Students!$O$2:$O$601,"Yes") -> 28 | D47: =IF(B47=0,0,C47/B47) -> 0.93333333 | E47: =IFERROR(AVERAGEIFS(Students!$P$2:$P$601,Students!$L$2:$L$601,$A47,Students!$C$2:$C$601,$B$2,Students!$O$2:$O$601,"Yes"),0) -> 17.828571
A49: 6. Accepted Offers by Month (placement season Jul - Jun)
A50: Month | B50: Hires
A51: =Assumptions!M4 -> Jul | B51: =COUNTIFS(Applications!$O$2:$O$3144,Assumptions!N4,Applications!$J$2:$J$3144,$B$2) -> 0
A52: =Assumptions!M5 -> Aug | B52: =COUNTIFS(Applications!$O$2:$O$3144,Assumptions!N5,Applications!$J$2:$J$3144,$B$2) -> 8
A53: =Assumptions!M6 -> Sep | B53: =COUNTIFS(Applications!$O$2:$O$3144,Assumptions!N6,Applications!$J$2:$J$3144,$B$2) -> 34
A54: =Assumptions!M7 -> Oct | B54: =COUNTIFS(Applications!$O$2:$O$3144,Assumptions!N7,Applications!$J$2:$J$3144,$B$2) -> 47
A55: =Assumptions!M8 -> Nov | B55: =COUNTIFS(Applications!$O$2:$O$3144,Assumptions!N8,Applications!$J$2:$J$3144,$B$2) -> 59
A56: =Assumptions!M9 -> Dec | B56: =COUNTIFS(Applications!$O$2:$O$3144,Assumptions!N9,Applications!$J$2:$J$3144,$B$2) -> 68
A57: =Assumptions!M10 -> Jan | B57: =COUNTIFS(Applications!$O$2:$O$3144,Assumptions!N10,Applications!$J$2:$J$3144,$B$2) -> 63
A58: =Assumptions!M11 -> Feb | B58: =COUNTIFS(Applications!$O$2:$O$3144,Assumptions!N11,Applications!$J$2:$J$3144,$B$2) -> 51
A59: =Assumptions!M12 -> Mar | B59: =COUNTIFS(Applications!$O$2:$O$3144,Assumptions!N12,Applications!$J$2:$J$3144,$B$2) -> 46
A60: =Assumptions!M13 -> Apr | B60: =COUNTIFS(Applications!$O$2:$O$3144,Assumptions!N13,Applications!$J$2:$J$3144,$B$2) -> 12
A61: =Assumptions!M14 -> May | B61: =COUNTIFS(Applications!$O$2:$O$3144,Assumptions!N14,Applications!$J$2:$J$3144,$B$2) -> 0
A62: =Assumptions!M15 -> Jun | B62: =COUNTIFS(Applications!$O$2:$O$3144,Assumptions!N15,Applications!$J$2:$J$3144,$B$2) -> 0
A64: 7. Hires by Sector
A65: Sector | B65: Hires | C65: Avg CTC (LPA)
A66: Analytics & Consulting | B66: =COUNTIFS(Applications!$L$2:$L$3144,$A66,Applications!$H$2:$H$3144,"Yes",Applications!$J$2:$J$3144,$B$2) -> 43 | C66: =IFERROR(AVERAGEIFS(Applications!$G$2:$G$3144,Applications!$L$2:$L$3144,$A66,Applications!$H$2:$H$3144,"Yes",Applications!$J$2:$J$3144,$B$2),0) -> 10.772093
A67: Cybersecurity | B67: =COUNTIFS(Applications!$L$2:$L$3144,$A67,Applications!$H$2:$H$3144,"Yes",Applications!$J$2:$J$3144,$B$2) -> 14 | C67: =IFERROR(AVERAGEIFS(Applications!$G$2:$G$3144,Applications!$L$2:$L$3144,$A67,Applications!$H$2:$H$3144,"Yes",Applications!$J$2:$J$3144,$B$2),0) -> 14.414286
A68: E-commerce | B68: =COUNTIFS(Applications!$L$2:$L$3144,$A68,Applications!$H$2:$H$3144,"Yes",Applications!$J$2:$J$3144,$B$2) -> 53 | C68: =IFERROR(AVERAGEIFS(Applications!$G$2:$G$3144,Applications!$L$2:$L$3144,$A68,Applications!$H$2:$H$3144,"Yes",Applications!$J$2:$J$3144,$B$2),0) -> 11.645283
A69: EdTech | B69: =COUNTIFS(Applications!$L$2:$L$3144,$A69,Applications!$H$2:$H$3144,"Yes",Applications!$J$2:$J$3144,$B$2) -> 37 | C69: =IFERROR(AVERAGEIFS(Applications!$G$2:$G$3144,Applications!$L$2:$L$3144,$A69,Applications!$H$2:$H$3144,"Yes",Applications!$J$2:$J$3144,$B$2),0) -> 9.2918919
A70: Fintech | B70: =COUNTIFS(Applications!$L$2:$L$3144,$A70,Applications!$H$2:$H$3144,"Yes",Applications!$J$2:$J$3144,$B$2) -> 46 | C70: =IFERROR(AVERAGEIFS(Applications!$G$2:$G$3144,Applications!$L$2:$L$3144,$A70,Applications!$H$2:$H$3144,"Yes",Applications!$J$2:$J$3144,$B$2),0) -> 15.654348
A71: Healthtech | B71: =COUNTIFS(Applications!$L$2:$L$3144,$A71,Applications!$H$2:$H$3144,"Yes",Applications!$J$2:$J$3144,$B$2) -> 43 | C71: =IFERROR(AVERAGEIFS(Applications!$G$2:$G$3144,Applications!$L$2:$L$3144,$A71,Applications!$H$2:$H$3144,"Yes",Applications!$J$2:$J$3144,$B$2),0) -> 9.6651163
A72: IT Services | B72: =COUNTIFS(Applications!$L$2:$L$3144,$A72,Applications!$H$2:$H$3144,"Yes",Applications!$J$2:$J$3144,$B$2) -> 124 | C72: =IFERROR(AVERAGEIFS(Applications!$G$2:$G$3144,Applications!$L$2:$L$3144,$A72,Applications!$H$2:$H$3144,"Yes",Applications!$J$2:$J$3144,$B$2),0) -> 5.8467742
A73: Product | B73: =COUNTIFS(Applications!$L$2:$L$3144,$A73,Applications!$H$2:$H$3144,"Yes",Applications!$J$2:$J$3144,$B$2) -> 28 | C73: =IFERROR(AVERAGEIFS(Applications!$G$2:$G$3144,Applications!$L$2:$L$3144,$A73,Applications!$H$2:$H$3144,"Yes",Applications!$J$2:$J$3144,$B$2),0) -> 17.385714
A75: 8. Hires by Company Tier
A76: Company Tier | B76: Hires | C76: Avg CTC (LPA)
A77: Tier 1 | B77: =COUNTIFS(Applications!$M$2:$M$3144,$A77,Applications!$H$2:$H$3144,"Yes",Applications!$J$2:$J$3144,$B$2) -> 39 | C77: =IFERROR(AVERAGEIFS(Applications!$G$2:$G$3144,Applications!$M$2:$M$3144,$A77,Applications!$H$2:$H$3144,"Yes",Applications!$J$2:$J$3144,$B$2),0) -> 23.810256
A78: Tier 2 | B78: =COUNTIFS(Applications!$M$2:$M$3144,$A78,Applications!$H$2:$H$3144,"Yes",Applications!$J$2:$J$3144,$B$2) -> 161 | C78: =IFERROR(AVERAGEIFS(Applications!$G$2:$G$3144,Applications!$M$2:$M$3144,$A78,Applications!$H$2:$H$3144,"Yes",Applications!$J$2:$J$3144,$B$2),0) -> 11.995652
A79: Tier 3 | B79: =COUNTIFS(Applications!$M$2:$M$3144,$A79,Applications!$H$2:$H$3144,"Yes",Applications!$J$2:$J$3144,$B$2) -> 188 | C79: =IFERROR(AVERAGEIFS(Applications!$G$2:$G$3144,Applications!$M$2:$M$3144,$A79,Applications!$H$2:$H$3144,"Yes",Applications!$J$2:$J$3144,$B$2),0) -> 5.9234043
A81: 9. Top 10 Recruiters (by hires)
A82: Rank | B82: Company | C82: Sector | D82: Tier | E82: Hires | F82: Avg CTC (LPA)
A83: 1 | B83: =INDEX(Companies!$B$2:$B$31,MATCH(LARGE(Companies!$K$2:$K$31,$A83),Companies!$K$2:$K$31,0)) -> Sapphire Infotech | C83: =INDEX(Companies!$C$2:$C$31,MATCH(LARGE(Companies!$K$2:$K$31,$A83),Companies!$K$2:$K$31,0)) -> IT Services | D83: =INDEX(Companies!$D$2:$D$31,MATCH(LARGE(Companies!$K$2:$K$31,$A83),Companies!$K$2:$K$31,0)) -> Tier 3 | E83: =INDEX(Companies!$H$2:$H$31,MATCH(LARGE(Companies!$K$2:$K$31,$A83),Companies!$K$2:$K$31,0)) -> 20 | F83: =INDEX(Companies!$J$2:$J$31,MATCH(LARGE(Companies!$K$2:$K$31,$A83),Companies!$K$2:$K$31,0)) -> 5.775
A84: 2 | B84: =INDEX(Companies!$B$2:$B$31,MATCH(LARGE(Companies!$K$2:$K$31,$A84),Companies!$K$2:$K$31,0)) -> FinStack | C84: =INDEX(Companies!$C$2:$C$31,MATCH(LARGE(Companies!$K$2:$K$31,$A84),Companies!$K$2:$K$31,0)) -> Fintech | D84: =INDEX(Companies!$D$2:$D$31,MATCH(LARGE(Companies!$K$2:$K$31,$A84),Companies!$K$2:$K$31,0)) -> Tier 2 | E84: =INDEX(Companies!$H$2:$H$31,MATCH(LARGE(Companies!$K$2:$K$31,$A84),Companies!$K$2:$K$31,0)) -> 19 | F84: =INDEX(Companies!$J$2:$J$31,MATCH(LARGE(Companies!$K$2:$K$31,$A84),Companies!$K$2:$K$31,0)) -> 12.536842
A85: 3 | B85: =INDEX(Companies!$B$2:$B$31,MATCH(LARGE(Companies!$K$2:$K$31,$A85),Companies!$K$2:$K$31,0)) -> AlphaGrid Tech | C85: =INDEX(Companies!$C$2:$C$31,MATCH(LARGE(Companies!$K$2:$K$31,$A85),Companies!$K$2:$K$31,0)) -> IT Services | D85: =INDEX(Companies!$D$2:$D$31,MATCH(LARGE(Companies!$K$2:$K$31,$A85),Companies!$K$2:$K$31,0)) -> Tier 3 | E85: =INDEX(Companies!$H$2:$H$31,MATCH(LARGE(Companies!$K$2:$K$31,$A85),Companies!$K$2:$K$31,0)) -> 19 | F85: =INDEX(Companies!$J$2:$J$31,MATCH(LARGE(Companies!$K$2:$K$31,$A85),Companies!$K$2:$K$31,0)) -> 6.0526316
A86: 4 | B86: =INDEX(Companies!$B$2:$B$31,MATCH(LARGE(Companies!$K$2:$K$31,$A86),Companies!$K$2:$K$31,0)) -> ShopSprint | C86: =INDEX(Companies!$C$2:$C$31,MATCH(LARGE(Companies!$K$2:$K$31,$A86),Companies!$K$2:$K$31,0)) -> E-commerce | D86: =INDEX(Companies!$D$2:$D$31,MATCH(LARGE(Companies!$K$2:$K$31,$A86),Companies!$K$2:$K$31,0)) -> Tier 2 | E86: =INDEX(Companies!$H$2:$H$31,MATCH(LARGE(Companies!$K$2:$K$31,$A86),Companies!$K$2:$K$31,0)) -> 18 | F86: =INDEX(Companies!$J$2:$J$31,MATCH(LARGE(Companies!$K$2:$K$31,$A86),Companies!$K$2:$K$31,0)) -> 11.494444
A87: 5 | B87: =INDEX(Companies!$B$2:$B$31,MATCH(LARGE(Companies!$K$2:$K$31,$A87),Companies!$K$2:$K$31,0)) -> TechBridge Consulting | C87: =INDEX(Companies!$C$2:$C$31,MATCH(LARGE(Companies!$K$2:$K$31,$A87),Companies!$K$2:$K$31,0)) -> IT Services | D87: =INDEX(Companies!$D$2:$D$31,MATCH(LARGE(Companies!$K$2:$K$31,$A87),Companies!$K$2:$K$31,0)) -> Tier 3 | E87: =INDEX(Companies!$H$2:$H$31,MATCH(LARGE(Companies!$K$2:$K$31,$A87),Companies!$K$2:$K$31,0)) -> 17 | F87: =INDEX(Companies!$J$2:$J$31,MATCH(LARGE(Companies!$K$2:$K$31,$A87),Companies!$K$2:$K$31,0)) -> 6.0705882
A88: 6 | B88: =INDEX(Companies!$B$2:$B$31,MATCH(LARGE(Companies!$K$2:$K$31,$A88),Companies!$K$2:$K$31,0)) -> Bharat Digital | C88: =INDEX(Companies!$C$2:$C$31,MATCH(LARGE(Companies!$K$2:$K$31,$A88),Companies!$K$2:$K$31,0)) -> IT Services | D88: =INDEX(Companies!$D$2:$D$31,MATCH(LARGE(Companies!$K$2:$K$31,$A88),Companies!$K$2:$K$31,0)) -> Tier 3 | E88: =INDEX(Companies!$H$2:$H$31,MATCH(LARGE(Companies!$K$2:$K$31,$A88),Companies!$K$2:$K$31,0)) -> 17 | F88: =INDEX(Companies!$J$2:$J$31,MATCH(LARGE(Companies!$K$2:$K$31,$A88),Companies!$K$2:$K$31,0)) -> 6.0588235
A89: 7 | B89: =INDEX(Companies!$B$2:$B$31,MATCH(LARGE(Companies!$K$2:$K$31,$A89),Companies!$K$2:$K$31,0)) -> HealthLink Digital | C89: =INDEX(Companies!$C$2:$C$31,MATCH(LARGE(Companies!$K$2:$K$31,$A89),Companies!$K$2:$K$31,0)) -> Healthtech | D89: =INDEX(Companies!$D$2:$D$31,MATCH(LARGE(Companies!$K$2:$K$31,$A89),Companies!$K$2:$K$31,0)) -> Tier 3 | E89: =INDEX(Companies!$H$2:$H$31,MATCH(LARGE(Companies!$K$2:$K$31,$A89),Companies!$K$2:$K$31,0)) -> 17 | F89: =INDEX(Companies!$J$2:$J$31,MATCH(LARGE(Companies!$K$2:$K$31,$A89),Companies!$K$2:$K$31,0)) -> 5.8764706
A90: 8 | B90: =INDEX(Companies!$B$2:$B$31,MATCH(LARGE(Companies!$K$2:$K$31,$A90),Companies!$K$2:$K$31,0)) -> RetailRocket | C90: =INDEX(Companies!$C$2:$C$31,MATCH(LARGE(Companies!$K$2:$K$31,$A90),Companies!$K$2:$K$31,0)) -> E-commerce | D90: =INDEX(Companies!$D$2:$D$31,MATCH(LARGE(Companies!$K$2:$K$31,$A90),Companies!$K$2:$K$31,0)) -> Tier 3 | E90: =INDEX(Companies!$H$2:$H$31,MATCH(LARGE(Companies!$K$2:$K$31,$A90),Companies!$K$2:$K$31,0)) -> 16 | F90: =INDEX(Companies!$J$2:$J$31,MATCH(LARGE(Companies!$K$2:$K$31,$A90),Companies!$K$2:$K$31,0)) -> 6.09375
A91: 9 | B91: =INDEX(Companies!$B$2:$B$31,MATCH(LARGE(Companies!$K$2:$K$31,$A91),Companies!$K$2:$K$31,0)) -> DataHarbor | C91: =INDEX(Companies!$C$2:$C$31,MATCH(LARGE(Companies!$K$2:$K$31,$A91),Companies!$K$2:$K$31,0)) -> Analytics & Consulting | D91: =INDEX(Companies!$D$2:$D$31,MATCH(LARGE(Companies!$K$2:$K$31,$A91),Companies!$K$2:$K$31,0)) -> Tier 3 | E91: =INDEX(Companies!$H$2:$H$31,MATCH(LARGE(Companies!$K$2:$K$31,$A91),Companies!$K$2:$K$31,0)) -> 16 | F91: =INDEX(Companies!$J$2:$J$31,MATCH(LARGE(Companies!$K$2:$K$31,$A91),Companies!$K$2:$K$31,0)) -> 6.33125
A92: 10 | B92: =INDEX(Companies!$B$2:$B$31,MATCH(LARGE(Companies!$K$2:$K$31,$A92),Companies!$K$2:$K$31,0)) -> MediSphere | C92: =INDEX(Companies!$C$2:$C$31,MATCH(LARGE(Companies!$K$2:$K$31,$A92),Companies!$K$2:$K$31,0)) -> Healthtech | D92: =INDEX(Companies!$D$2:$D$31,MATCH(LARGE(Companies!$K$2:$K$31,$A92),Companies!$K$2:$K$31,0)) -> Tier 2 | E92: =INDEX(Companies!$H$2:$H$31,MATCH(LARGE(Companies!$K$2:$K$31,$A92),Companies!$K$2:$K$31,0)) -> 15 | F92: =INDEX(Companies!$J$2:$J$31,MATCH(LARGE(Companies!$K$2:$K$31,$A92),Companies!$K$2:$K$31,0)) -> 12.326667

Sheet Students
A1: Student ID | B1: Student Name | C1: Batch | D1: Course | E1: City Tier | F1: CGPA | G1: DSA Problems Solved | H1: Projects | I1: Internship | J1: Mock Interview Score | K1: Readiness Score | L1: Readiness Tier | M1: Applications | N1: Offers | O1: Placed | P1: Placed CTC (LPA) | Q1: Placed Company
A2: S0001 | B2: Nikhil Das | C2: Batch 2024 | D2: DSA with Java | E2: Tier 3 | F2: 8.35 | G2: 509 | H2: 2 | I2: No | J2: 62 | K2: =ROUND(Assumptions!$B$4*MIN(G2/Assumptions!$B$11,1)*100+Assumptions!$B$5*F2/10*100+Assumptions!$B$6*MIN(H2/Assumptions!$B$12,1)*100+Assumptions!$B$7*J2+Assumptions!$B$8*IF(I2="Yes",100,0),1) -> 67.1 | L2: =LOOKUP(K2,Assumptions!$D$4:$D$7,Assumptions!$E$4:$E$7) -> Job-Ready | M2: =COUNTIFS(Applications!$B$2:$B$3144,A2) -> 7 | N2: =COUNTIFS(Applications!$B$2:$B$3144,A2,Applications!$F$2:$F$3144,"Offered") -> 3 | O2: =IF(COUNTIFS(Applications!$B$2:$B$3144,A2,Applications!$H$2:$H$3144,"Yes")>0,"Yes","No") -> Yes | P2: =SUMIFS(Applications!$G$2:$G$3144,Applications!$B$2:$B$3144,A2,Applications!$H$2:$H$3144,"Yes") -> 23.9 | Q2: =IF(O2="Yes",INDEX(Companies!$B$2:$B$31,MATCH(INDEX(Applications!$C$2:$C$3144,MATCH(A2,Applications!$P$2:$P$3144,0)),Companies!$A$2:$A$31,0)),"-") -> HelixSecure
A3: S0002 | B3: Rahul Banerjee | C3: Batch 2024 | D3: DSA with Java | E3: Tier 1 | F3: 7.83 | G3: 275 | H3: 6 | I3: No | J3: 67 | K3: =ROUND(Assumptions!$B$4*MIN(G3/Assumptions!$B$11,1)*100+Assumptions!$B$5*F3/10*100+Assumptions!$B$6*MIN(H3/Assumptions!$B$12,1)*100+Assumptions!$B$7*J3+Assumptions!$B$8*IF(I3="Yes",100,0),1) -> 65.6 | L3: =LOOKUP(K3,Assumptions!$D$4:$D$7,Assumptions!$E$4:$E$7) -> Job-Ready | M3: =COUNTIFS(Applications!$B$2:$B$3144,A3) -> 3 | N3: =COUNTIFS(Applications!$B$2:$B$3144,A3,Applications!$F$2:$F$3144,"Offered") -> 1 | O3: =IF(COUNTIFS(Applications!$B$2:$B$3144,A3,Applications!$H$2:$H$3144,"Yes")>0,"Yes","No") -> Yes | P3: =SUMIFS(Applications!$G$2:$G$3144,Applications!$B$2:$B$3144,A3,Applications!$H$2:$H$3144,"Yes") -> 9.6 | Q3: =IF(O3="Yes",INDEX(Companies!$B$2:$B$31,MATCH(INDEX(Applications!$C$2:$C$3144,MATCH(A3,Applications!$P$2:$P$3144,0)),Companies!$A$2:$A$31,0)),"-") -> LearnLoop
A4: S0003 | B4: Ayush Pandey | C4: Batch 2024 | D4: Full Stack Development | E4: Tier 3 | F4: 7.13 | G4: 193 | H4: 2 | I4: No | J4: 50 | K4: =ROUND(Assumptions!$B$4*MIN(G4/Assumptions!$B$11,1)*100+Assumptions!$B$5*F4/10*100+Assumptions!$B$6*MIN(H4/Assumptions!$B$12,1)*100+Assumptions!$B$7*J4+Assumptions!$B$8*IF(I4="Yes",100,0),1) -> 43.8 | L4: =LOOKUP(K4,Assumptions!$D$4:$D$7,Assumptions!$E$4:$E$7) -> Foundation | M4: =COUNTIFS(Applications!$B$2:$B$3144,A4) -> 1 | N4: =COUNTIFS(Applications!$B$2:$B$3144,A4,Applications!$F$2:$F$3144,"Offered") -> 0 | O4: =IF(COUNTIFS(Applications!$B$2:$B$3144,A4,Applications!$H$2:$H$3144,"Yes")>0,"Yes","No") -> No | P4: =SUMIFS(Applications!$G$2:$G$3144,Applications!$B$2:$B$3144,A4,Applications!$H$2:$H$3144,"Yes") -> 0 | Q4: =IF(O4="Yes",INDEX(Companies!$B$2:$B$31,MATCH(INDEX(Applications!$C$2:$C$3144,MATCH(A4,Applications!$P$2:$P$3144,0)),Companies!$A$2:$A$31,0)),"-") -> -
A5: S0004 | B5: Aman Das | C5: Batch 2024 | D5: DSA with Java | E5: Tier 3 | F5: 6.45 | G5: 625 | H5: 4 | I5: Yes | J5: 62 | K5: =ROUND(Assumptions!$B$4*MIN(G5/Assumptions!$B$11,1)*100+Assumptions!$B$5*F5/10*100+Assumptions!$B$6*MIN(H5/Assumptions!$B$12,1)*100+Assumptions!$B$7*J5+Assumptions!$B$8*IF(I5="Yes",100,0),1) -> 81.3 | L5: =LOOKUP(K5,Assumptions!$D$4:$D$7,Assumptions!$E$4:$E$7) -> Elite | M5: =COUNTIFS(Applications!$B$2:$B$3144,A5) -> 5 | N5: =COUNTIFS(Applications!$B$2:$B$3144,A5,Applications!$F$2:$F$3144,"Offered") -> 1 | O5: =IF(COUNTIFS(Applications!$B$2:$B$3144,A5,Applications!$H$2:$H$3144,"Yes")>0,"Yes","No") -> Yes | P5: =SUMIFS(Applications!$G$2:$G$3144,Applications!$B$2:$B$3144,A5,Applications!$H$2:$H$3144,"Yes") -> 12.8 | Q5: =IF(O5="Yes",INDEX(Companies!$B$2:$B$31,MATCH(INDEX(Applications!$C$2:$C$3144,MATCH(A5,Applications!$P$2:$P$3144,0)),Companies!$A$2:$A$31,0)),"-") -> PayRiver
A6: S0005 | B6: Tushar Tiwari | C6: Batch 2024 | D6: DSA with Java | E6: Tier 3 | F6: 7.21 | G6: 368 | H6: 1 | I6: No | J6: 75 | K6: =ROUND(Assumptions!$B$4*MIN(G6/Assumptions!$B$11,1)*100+Assumptions!$B$5*F6/10*100+Assumptions!$B$6*MIN(H6/Assumptions!$B$12,1)*100+Assumptions!$B$7*J6+Assumptions!$B$8*IF(I6="Yes",100,0),1) -> 55.5 | L6: =LOOKUP(K6,Assumptions!$D$4:$D$7,Assumptions!$E$4:$E$7) -> Developing | M6: =COUNTIFS(Applications!$B$2:$B$3144,A6) -> 4 | N6: =COUNTIFS(Applications!$B$2:$B$3144,A6,Applications!$F$2:$F$3144,"Offered") -> 1 | O6: =IF(COUNTIFS(Applications!$B$2:$B$3144,A6,Applications!$H$2:$H$3144,"Yes")>0,"Yes","No") -> Yes | P6: =SUMIFS(Applications!$G$2:$G$3144,Applications!$B$2:$B$3144,A6,Applications!$H$2:$H$3144,"Yes") -> 6.1 | Q6: =IF(O6="Yes",INDEX(Companies!$B$2:$B$31,MATCH(INDEX(Applications!$C$2:$C$3144,MATCH(A6,Applications!$P$2:$P$3144,0)),Companies!$A$2:$A$31,0)),"-") -> HealthLink Digital
A7: S0006 | B7: Arjun Jain | C7: Batch 2024 | D7: Data Analytics | E7: Tier 2 | F7: 8.03 | G7: 234 | H7: 0 | I7: No | J7: 74 | K7: =ROUND(Assumptions!$B$4*MIN(G7/Assumptions!$B$11,1)*100+Assumptions!$B$5*F7/10*100+Assumptions!$B$6*MIN(H7/Assumptions!$B$12,1)*100+Assumptions!$B$7*J7+Assumptions!$B$8*IF(I7="Yes",100,0),1) -> 44.9 | L7: =LOOKUP(K7,Assumptions!$D$4:$D$7,Assumptions!$E$4:$E$7) -> Foundation | M7: =COUNTIFS(Applications!$B$2:$B$3144,A7) -> 9 | N7: =COUNTIFS(Applications!$B$2:$B$3144,A7,Applications!$F$2:$F$3144,"Offered") -> 0 | O7: =IF(COUNTIFS(Applications!$B$2:$B$3144,A7,Applications!$H$2:$H$3144,"Yes")>0,"Yes","No") -> No | P7: =SUMIFS(Applications!$G$2:$G$3144,Applications!$B$2:$B$3144,A7,Applications!$H$2:$H$3144,"Yes") -> 0 | Q7: =IF(O7="Yes",INDEX(Companies!$B$2:$B$31,MATCH(INDEX(Applications!$C$2:$C$3144,MATCH(A7,Applications!$P$2:$P$3144,0)),Companies!$A$2:$A$31,0)),"-") -> -
A8: S0007 | B8: Mohit Malhotra | C8: Batch 2024 | D8: Data Science & ML | E8: Tier 1 | F8: 6.67 | G8: 305 | H8: 6 | I8: Yes | J8: 56 | K8: =ROUND(Assumptions!$B$4*MIN(G8/Assumptions!$B$11,1)*100+Assumptions!$B$5*F8/10*100+Assumptions!$B$6*MIN(H8/Assumptions!$B$12,1)*100+Assumptions!$B$7*J8+Assumptions!$B$8*IF(I8="Yes",100,0),1) -> 72.8 | L8: =LOOKUP(K8,Assumptions!$D$4:$D$7,Assumptions!$E$4:$E$7) -> Job-Ready | M8: =COUNTIFS(Applications!$B$2:$B$3144,A8) -> 5 | N8: =COUNTIFS(Applications!$B$2:$B$3144,A8,Applications!$F$2:$F$3144,"Offered") -> 2 | O8: =IF(COUNTIFS(Applications!$B$2:$B$3144,A8,Applications!$H$2:$H$3144,"Yes")>0,"Yes","No") -> Yes | P8: =SUMIFS(Applications!$G$2:$G$3144,Applications!$B$2:$B$3144,A8,Applications!$H$2:$H$3144,"Yes") -> 6.9 | Q8: =IF(O8="Yes",INDEX(Companies!$B$2:$B$31,MATCH(INDEX(Applications!$C$2:$C$3144,MATCH(A8,Applications!$P$2:$P$3144,0)),Companies!$A$2:$A$31,0)),"-") -> RetailRocket
A9: S0008 | B9: Yash Banerjee | C9: Batch 2024 | D9: DSA with Java | E9: Tier 1 | F9: 7.51 | G9: 606 | H9: 3 | I9: No | J9: 41 | K9: =ROUND(Assumptions!$B$4*MIN(G9/Assumptions!$B$11,1)*100+Assumptions!$B$5*F9/10*100+Assumptions!$B$6*MIN(H9/Assumptions!$B$12,1)*100+Assumptions!$B$7*J9+Assumptions!$B$8*IF(I9="Yes",100,0),1) -> 65.2 | L9: =LOOKUP(K9,Assumptions!$D$4:$D$7,Assumptions!$E$4:$E$7) -> Job-Ready | M9: =COUNTIFS(Applications!$B$2:$B$3144,A9) -> 3 | N9: =COUNTIFS(Applications!$B$2:$B$3144,A9,Applications!$F$2:$F$3144,"Offered") -> 2 | O9: =IF(COUNTIFS(Applications!$B$2:$B$3144,A9,Applications!$H$2:$H$3144,"Yes")>0,"Yes","No") -> Yes | P9: =SUMIFS(Applications!$G$2:$G$3144,Applications!$B$2:$B$3144,A9,Applications!$H$2:$H$3144,"Yes") -> 12.3 | Q9: =IF(O9="Yes",INDEX(Companies!$B$2:$B$31,MATCH(INDEX(Applications!$C$2:$C$3144,MATCH(A9,Applications!$P$2:$P$3144,0)),Companies!$A$2:$A$31,0)),"-") -> CloudKraft
A10: S0009 | B10: Meera Menon | C10: Batch 2024 | D10: Full Stack Development | E10: Tier 3 | F10: 6.69 | G10: 209 | H10: 4 | I10: No | J10: 73 | K10: =ROUND(Assumptions!$B$4*MIN(G10/Assumptions!$B$11,1)*100+Assumptions!$B$5*F10/10*100+Assumptions!$B$6*MIN(H10/Assumptions!$B$12,1)*100+Assumptions!$B$7*J10+Assumptions!$B$8*IF(I10="Yes",100,0),1) -> 56.5 | L10: =LOOKUP(K10,Assumptions!$D$4:$D$7,Assumptions!$E$4:$E$7) -> Developing | M10: =COUNTIFS(Applications!$B$2:$B$3144,A10) -> 5 | N10: =COUNTIFS(Applications!$B$2:$B$3144,A10,Applications!$F$2:$F$3144,"Offered") -> 2 | O10: =IF(COUNTIFS(Applications!$B$2:$B$3144,A10,Applications!$H$2:$H$3144,"Yes")>0,"Yes","No") -> Yes | P10: =SUMIFS(Applications!$G$2:$G$3144,Applications!$B$2:$B$3144,A10,Applications!$H$2:$H$3144,"Yes") -> 11 | Q10: =IF(O10="Yes",INDEX(Companies!$B$2:$B$31,MATCH(INDEX(Applications!$C$2:$C$3144,MATCH(A10,Applications!$P$2:$P$3144,0)),Companies!$A$2:$A$31,0)),"-") -> SkillForge
A11: S0010 | B11: Dev Iyer | C11: Batch 2024 | D11: Full Stack Development | E11: Tier 2 | F11: 6.97 | G11: 107 | H11: 5 | I11: No | J11: 65 | K11: =ROUND(Assumptions!$B$4*MIN(G11/Assumptions!$B$11,1)*100+Assumptions!$B$5*F11/10*100+Assumptions!$B$6*MIN(H11/Assumptions!$B$12,1)*100+Assumptions!$B$7*J11+Assumptions!$B$8*IF(I11="Yes",100,0),1) -> 53.4 | L11: =LOOKUP(K11,Assumptions!$D$4:$D$7,Assumptions!$E$4:$E$7) -> Developing | M11: =COUNTIFS(Applications!$B$2:$B$3144,A11) -> 5 | N11: =COUNTIFS(Applications!$B$2:$B$3144,A11,Applications!$F$2:$F$3144,"Offered") -> 0 | O11: =IF(COUNTIFS(Applications!$B$2:$B$3144,A11,Applications!$H$2:$H$3144,"Yes")>0,"Yes","No") -> No | P11: =SUMIFS(Applications!$G$2:$G$3144,Applications!$B$2:$B$3144,A11,Applications!$H$2:$H$3144,"Yes") -> 0 | Q11: =IF(O11="Yes",INDEX(Companies!$B$2:$B$31,MATCH(INDEX(Applications!$C$2:$C$3144,MATCH(A11,Applications!$P$2:$P$3144,0)),Companies!$A$2:$A$31,0)),"-") -> -
A12: S0011 | B12: Rohan Nair | C12: Batch 2024 | D12: Data Analytics | E12: Tier 1 | F12: 8.82 | G12: 82 | H12: 4 | I12: No | J12: 47 | K12: =ROUND(Assumptions!$B$4*MIN(G12/Assumptions!$B$11,1)*100+Assumptions!$B$5*F12/10*100+Assumptions!$B$6*MIN(H12/Assumptions!$B$12,1)*100+Assumptions!$B$7*J12+Assumptions!$B$8*IF(I12="Yes",100,0),1) -> 48 | L12: =LOOKUP(K12,Assumptions!$D$4:$D$7,Assumptions!$E$4:$E$7) -> Foundation | M12: =COUNTIFS(Applications!$B$2:$B$3144,A12) -> 6 | N12: =COUNTIFS(Applications!$B$2:$B$3144,A12,Applications!$F$2:$F$3144,"Offered") -> 0 | O12: =IF(COUNTIFS(Applications!$B$2:$B$3144,A12,Applications!$H$2:$H$3144,"Yes")>0,"Yes","No") -> No | P12: =SUMIFS(Applications!$G$2:$G$3144,Applications!$B$2:$B$3144,A12,Applications!$H$2:$H$3144,"Yes") -> 0 | Q12: =IF(O12="Yes",INDEX(Companies!$B$2:$B$31,MATCH(INDEX(Applications!$C$2:$C$3144,MATCH(A12,Applications!$P$2:$P$3144,0)),Companies!$A$2:$A$31,0)),"-") -> -
A13: S0012 | B13: Aditya Gupta | C13: Batch 2024 | D13: DSA with Java | E13: Tier 2 | F13: 9.8 | G13: 587 | H13: 3 | I13: No | J13: 60 | K13: =ROUND(Assumptions!$B$4*MIN(G13/Assumptions!$B$11,1)*100+Assumptions!$B$5*F13/10*100+Assumptions!$B$6*MIN(H13/Assumptions!$B$12,1)*100+Assumptions!$B$7*J13+Assumptions!$B$8*IF(I13="Yes",100,0),1) -> 73.6 | L13: =LOOKUP(K13,Assumptions!$D$4:$D$7,Assumptions!$E$4:$E$7) -> Job-Ready | M13: =COUNTIFS(Applications!$B$2:$B$3144,A13) -> 6 | N13: =COUNTIFS(Applications!$B$2:$B$3144,A13,Applications!$F$2:$F$3144,"Offered") -> 5 | O13: =IF(COUNTIFS(Applications!$B$2:$B$3144,A13,Applications!$H$2:$H$3144,"Yes")>0,"Yes","No") -> Yes | P13: =SUMIFS(Applications!$G$2:$G$3144,Applications!$B$2:$B$3144,A13,Applications!$H$2:$H$3144,"Yes") -> 12.1 | Q13: =IF(O13="Yes",INDEX(Companies!$B$2:$B$31,MATCH(INDEX(Applications!$C$2:$C$3144,MATCH(A13,Applications!$P$2:$P$3144,0)),Companies!$A$2:$A$31,0)),"-") -> LearnLoop
... A601: S0600 | B601: Arjun Mehta | C601: Batch 2026 | D601: Data Science & ML | E601: Tier 3 | F601: 7.57 | G601: 417 | H601: 1 | I601: No | J601: 54 | K601: =ROUND(Assumptions!$B$4*MIN(G601/Assumptions!$B$11,1)*100+Assumptions!$B$5*F601/10*100+Assumptions!$B$6*MIN(H601/Assumptions!$B$12,1)*100+Assumptions!$B$7*J601+Assumptions!$B$8*IF(I601="Yes",100,0),1) -> 55 | L601: =LOOKUP(K601,Assumptions!$D$4:$D$7,Assumptions!$E$4:$E$7) -> Developing | M601: =COUNTIFS(Applications!$B$2:$B$3144,A601) -> 3 | N601: =COUNTIFS(Applications!$B$2:$B$3144,A601,Applications!$F$2:$F$3144,"Offered") -> 1 | O601: =IF(COUNTIFS(Applications!$B$2:$B$3144,A601,Applications!$H$2:$H$3144,"Yes")>0,"Yes","No") -> Yes | P601: =SUMIFS(Applications!$G$2:$G$3144,Applications!$B$2:$B$3144,A601,Applications!$H$2:$H$3144,"Yes") -> 5.1 | Q601: =IF(O601="Yes",INDEX(Companies!$B$2:$B$31,MATCH(INDEX(Applications!$C$2:$C$3144,MATCH(A601,Applications!$P$2:$P$3144,0)),Companies!$A$2:$A$31,0)),"-") -> HealthLink Digital

Sheet Applications
A1: Application ID | B1: Student ID | C1: Company ID | D1: Role Applied | E1: Applied Date | F1: Stage Reached | G1: Offer CTC (LPA) | H1: Offer Accepted | I1: Offer Date | J1: Batch | K1: Course | L1: Sector | M1: Company Tier | N1: Stage No | O1: Offer Month | P1: Hire Key
A2: A00001 | B2: S0009 | C2: C06 | D2: Software Engineer | E2: 45139 | F2: Applied | J2: =INDEX(Students!$C$2:$C$601,MATCH(B2,Students!$A$2:$A$601,0)) -> Batch 2024 | K2: =INDEX(Students!$D$2:$D$601,MATCH(B2,Students!$A$2:$A$601,0)) -> Full Stack Development | L2: =INDEX(Companies!$C$2:$C$31,MATCH(C2,Companies!$A$2:$A$31,0)) -> Cybersecurity | M2: =INDEX(Companies!$D$2:$D$31,MATCH(C2,Companies!$A$2:$A$31,0)) -> Tier 1 | N2: =MATCH(F2,Assumptions!$K$4:$K$8,0) -> 1 | O2: =IF(H2="Yes",MONTH(I2),"") | P2: =IF(H2="Yes",B2,"")
A3: A00002 | B3: S0010 | C3: C20 | D3: Software Engineer | E3: 45139 | F3: Online Test | J3: =INDEX(Students!$C$2:$C$601,MATCH(B3,Students!$A$2:$A$601,0)) -> Batch 2024 | K3: =INDEX(Students!$D$2:$D$601,MATCH(B3,Students!$A$2:$A$601,0)) -> Full Stack Development | L3: =INDEX(Companies!$C$2:$C$31,MATCH(C3,Companies!$A$2:$A$31,0)) -> IT Services | M3: =INDEX(Companies!$D$2:$D$31,MATCH(C3,Companies!$A$2:$A$31,0)) -> Tier 3 | N3: =MATCH(F3,Assumptions!$K$4:$K$8,0) -> 2 | O3: =IF(H3="Yes",MONTH(I3),"") | P3: =IF(H3="Yes",B3,"")
A4: A00003 | B4: S0032 | C4: C25 | D4: Full Stack Developer | E4: 45139 | F4: Applied | J4: =INDEX(Students!$C$2:$C$601,MATCH(B4,Students!$A$2:$A$601,0)) -> Batch 2024 | K4: =INDEX(Students!$D$2:$D$601,MATCH(B4,Students!$A$2:$A$601,0)) -> Full Stack Development | L4: =INDEX(Companies!$C$2:$C$31,MATCH(C4,Companies!$A$2:$A$31,0)) -> IT Services | M4: =INDEX(Companies!$D$2:$D$31,MATCH(C4,Companies!$A$2:$A$31,0)) -> Tier 3 | N4: =MATCH(F4,Assumptions!$K$4:$K$8,0) -> 1 | O4: =IF(H4="Yes",MONTH(I4),"") | P4: =IF(H4="Yes",B4,"")
A5: A00004 | B5: S0055 | C5: C14 | D5: Backend Engineer | E5: 45141 | F5: Offered | G5: 10.5 | H5: No | I5: 45183 | J5: =INDEX(Students!$C$2:$C$601,MATCH(B5,Students!$A$2:$A$601,0)) -> Batch 2024 | K5: =INDEX(Students!$D$2:$D$601,MATCH(B5,Students!$A$2:$A$601,0)) -> DSA with Java | L5: =INDEX(Companies!$C$2:$C$31,MATCH(C5,Companies!$A$2:$A$31,0)) -> E-commerce | M5: =INDEX(Companies!$D$2:$D$31,MATCH(C5,Companies!$A$2:$A$31,0)) -> Tier 2 | N5: =MATCH(F5,Assumptions!$K$4:$K$8,0) -> 5 | O5: =IF(H5="Yes",MONTH(I5),"") | P5: =IF(H5="Yes",B5,"")
A6: A00005 | B6: S0133 | C6: C01 | D6: BI Analyst | E6: 45141 | F6: Applied | J6: =INDEX(Students!$C$2:$C$601,MATCH(B6,Students!$A$2:$A$601,0)) -> Batch 2024 | K6: =INDEX(Students!$D$2:$D$601,MATCH(B6,Students!$A$2:$A$601,0)) -> Data Analytics | L6: =INDEX(Companies!$C$2:$C$31,MATCH(C6,Companies!$A$2:$A$31,0)) -> Product | M6: =INDEX(Companies!$D$2:$D$31,MATCH(C6,Companies!$A$2:$A$31,0)) -> Tier 1 | N6: =MATCH(F6,Assumptions!$K$4:$K$8,0) -> 1 | O6: =IF(H6="Yes",MONTH(I6),"") | P6: =IF(H6="Yes",B6,"")
A7: A00006 | B7: S0056 | C7: C05 | D7: Software Development Engineer | E7: 45141 | F7: Online Test | J7: =INDEX(Students!$C$2:$C$601,MATCH(B7,Students!$A$2:$A$601,0)) -> Batch 2024 | K7: =INDEX(Students!$D$2:$D$601,MATCH(B7,Students!$A$2:$A$601,0)) -> DSA with Java | L7: =INDEX(Companies!$C$2:$C$31,MATCH(C7,Companies!$A$2:$A$31,0)) -> Analytics & Consulting | M7: =INDEX(Companies!$D$2:$D$31,MATCH(C7,Companies!$A$2:$A$31,0)) -> Tier 1 | N7: =MATCH(F7,Assumptions!$K$4:$K$8,0) -> 2 | O7: =IF(H7="Yes",MONTH(I7),"") | P7: =IF(H7="Yes",B7,"")
A8: A00007 | B8: S0173 | C8: C18 | D8: ML Engineer | E8: 45141 | F8: Offered | G8: 8.1 | H8: No | I8: 45181 | J8: =INDEX(Students!$C$2:$C$601,MATCH(B8,Students!$A$2:$A$601,0)) -> Batch 2024 | K8: =INDEX(Students!$D$2:$D$601,MATCH(B8,Students!$A$2:$A$601,0)) -> Data Science & ML | L8: =INDEX(Companies!$C$2:$C$31,MATCH(C8,Companies!$A$2:$A$31,0)) -> Analytics & Consulting | M8: =INDEX(Companies!$D$2:$D$31,MATCH(C8,Companies!$A$2:$A$31,0)) -> Tier 2 | N8: =MATCH(F8,Assumptions!$K$4:$K$8,0) -> 5 | O8: =IF(H8="Yes",MONTH(I8),"") | P8: =IF(H8="Yes",B8,"")
A9: A00008 | B9: S0014 | C9: C22 | D9: Full Stack Developer | E9: 45141 | F9: Technical Interview | J9: =INDEX(Students!$C$2:$C$601,MATCH(B9,Students!$A$2:$A$601,0)) -> Batch 2024 | K9: =INDEX(Students!$D$2:$D$601,MATCH(B9,Students!$A$2:$A$601,0)) -> Full Stack Development | L9: =INDEX(Companies!$C$2:$C$31,MATCH(C9,Companies!$A$2:$A$31,0)) -> IT Services | M9: =INDEX(Companies!$D$2:$D$31,MATCH(C9,Companies!$A$2:$A$31,0)) -> Tier 3 | N9: =MATCH(F9,Assumptions!$K$4:$K$8,0) -> 3 | O9: =IF(H9="Yes",MONTH(I9),"") | P9: =IF(H9="Yes",B9,"")
A10: A00009 | B10: S0129 | C10: C07 | D10: Full Stack Developer | E10: 45141 | F10: Offered | G10: 12.5 | H10: Yes | I10: 45191 | J10: =INDEX(Students!$C$2:$C$601,MATCH(B10,Students!$A$2:$A$601,0)) -> Batch 2024 | K10: =INDEX(Students!$D$2:$D$601,MATCH(B10,Students!$A$2:$A$601,0)) -> Full Stack Development | L10: =INDEX(Companies!$C$2:$C$31,MATCH(C10,Companies!$A$2:$A$31,0)) -> E-commerce | M10: =INDEX(Companies!$D$2:$D$31,MATCH(C10,Companies!$A$2:$A$31,0)) -> Tier 2 | N10: =MATCH(F10,Assumptions!$K$4:$K$8,0) -> 5 | O10: =IF(H10="Yes",MONTH(I10),"") -> 9 | P10: =IF(H10="Yes",B10,"") -> S0129
A11: A00010 | B11: S0156 | C11: C23 | D11: Full Stack Developer | E11: 45141 | F11: Applied | J11: =INDEX(Students!$C$2:$C$601,MATCH(B11,Students!$A$2:$A$601,0)) -> Batch 2024 | K11: =INDEX(Students!$D$2:$D$601,MATCH(B11,Students!$A$2:$A$601,0)) -> Full Stack Development | L11: =INDEX(Companies!$C$2:$C$31,MATCH(C11,Companies!$A$2:$A$31,0)) -> IT Services | M11: =INDEX(Companies!$D$2:$D$31,MATCH(C11,Companies!$A$2:$A$31,0)) -> Tier 3 | N11: =MATCH(F11,Assumptions!$K$4:$K$8,0) -> 1 | O11: =IF(H11="Yes",MONTH(I11),"") | P11: =IF(H11="Yes",B11,"")
A12: A00011 | B12: S0036 | C12: C09 | D12: Backend Engineer | E12: 45142 | F12: Technical Interview | J12: =INDEX(Students!$C$2:$C$601,MATCH(B12,Students!$A$2:$A$601,0)) -> Batch 2024 | K12: =INDEX(Students!$D$2:$D$601,MATCH(B12,Students!$A$2:$A$601,0)) -> DSA with Java | L12: =INDEX(Companies!$C$2:$C$31,MATCH(C12,Companies!$A$2:$A$31,0)) -> Healthtech | M12: =INDEX(Companies!$D$2:$D$31,MATCH(C12,Companies!$A$2:$A$31,0)) -> Tier 2 | N12: =MATCH(F12,Assumptions!$K$4:$K$8,0) -> 3 | O12: =IF(H12="Yes",MONTH(I12),"") | P12: =IF(H12="Yes",B12,"")
A13: A00012 | B13: S0034 | C13: C28 | D13: Software Development Engineer | E13: 45142 | F13: Applied | J13: =INDEX(Students!$C$2:$C$601,MATCH(B13,Students!$A$2:$A$601,0)) -> Batch 2024 | K13: =INDEX(Students!$D$2:$D$601,MATCH(B13,Students!$A$2:$A$601,0)) -> DSA with Java | L13: =INDEX(Companies!$C$2:$C$31,MATCH(C13,Companies!$A$2:$A$31,0)) -> Healthtech | M13: =INDEX(Companies!$D$2:$D$31,MATCH(C13,Companies!$A$2:$A$31,0)) -> Tier 3 | N13: =MATCH(F13,Assumptions!$K$4:$K$8,0) -> 1 | O13: =IF(H13="Yes",MONTH(I13),"") | P13: =IF(H13="Yes",B13,"")
A14: A00013 | B14: S0169 | C14: C23 | D14: Full Stack Developer | E14: 45142 | F14: Offered | G14: 5.1 | H14: No | I14: 45189 | J14: =INDEX(Students!$C$2:$C$601,MATCH(B14,Students!$A$2:$A$601,0)) -> Batch 2024 | K14: =INDEX(Students!$D$2:$D$601,MATCH(B14,Students!$A$2:$A$601,0)) -> Full Stack Development | L14: =INDEX(Companies!$C$2:$C$31,MATCH(C14,Companies!$A$2:$A$31,0)) -> IT Services | M14: =INDEX(Companies!$D$2:$D$31,MATCH(C14,Companies!$A$2:$A$31,0)) -> Tier 3 | N14: =MATCH(F14,Assumptions!$K$4:$K$8,0) -> 5 | O14: =IF(H14="Yes",MONTH(I14),"") | P14: =IF(H14="Yes",B14,"")
A15: A00014 | B15: S0180 | C15: C04 | D15: Data Analyst | E15: 45142 | F15: Applied | J15: =INDEX(Students!$C$2:$C$601,MATCH(B15,Students!$A$2:$A$601,0)) -> Batch 2024 | K15: =INDEX(Students!$D$2:$D$601,MATCH(B15,Students!$A$2:$A$601,0)) -> Data Analytics | L15: =INDEX(Companies!$C$2:$C$31,MATCH(C15,Companies!$A$2:$A$31,0)) -> E-commerce | M15: =INDEX(Companies!$D$2:$D$31,MATCH(C15,Companies!$A$2:$A$31,0)) -> Tier 1 | N15: =MATCH(F15,Assumptions!$K$4:$K$8,0) -> 1 | O15: =IF(H15="Yes",MONTH(I15),"") | P15: =IF(H15="Yes",B15,"")
A16: A00015 | B16: S0172 | C16: C30 | D16: Full Stack Developer | E16: 45143 | F16: Online Test | J16: =INDEX(Students!$C$2:$C$601,MATCH(B16,Students!$A$2:$A$601,0)) -> Batch 2024 | K16: =INDEX(Students!$D$2:$D$601,MATCH(B16,Students!$A$2:$A$601,0)) -> Full Stack Development | L16: =INDEX(Companies!$C$2:$C$31,MATCH(C16,Companies!$A$2:$A$31,0)) -> Analytics & Consulting | M16: =INDEX(Companies!$D$2:$D$31,MATCH(C16,Companies!$A$2:$A$31,0)) -> Tier 3 | N16: =MATCH(F16,Assumptions!$K$4:$K$8,0) -> 2 | O16: =IF(H16="Yes",MONTH(I16),"") | P16: =IF(H16="Yes",B16,"")
A17: A00016 | B17: S0178 | C17: C18 | D17: Software Engineer | E17: 45143 | F17: Offered | G17: 11 | H17: No | I17: 45174 | J17: =INDEX(Students!$C$2:$C$601,MATCH(B17,Students!$A$2:$A$601,0)) -> Batch 2024 | K17: =INDEX(Students!$D$2:$D$601,MATCH(B17,Students!$A$2:$A$601,0)) -> Full Stack Development | L17: =INDEX(Companies!$C$2:$C$31,MATCH(C17,Companies!$A$2:$A$31,0)) -> Analytics & Consulting | M17: =INDEX(Companies!$D$2:$D$31,MATCH(C17,Companies!$A$2:$A$31,0)) -> Tier 2 | N17: =MATCH(F17,Assumptions!$K$4:$K$8,0) -> 5 | O17: =IF(H17="Yes",MONTH(I17),"") | P17: =IF(H17="Yes",B17,"")
A18: A00017 | B18: S0107 | C18: C02 | D18: Software Development Engineer | E18: 45143 | F18: Online Test | J18: =INDEX(Students!$C$2:$C$601,MATCH(B18,Students!$A$2:$A$601,0)) -> Batch 2024 | K18: =INDEX(Students!$D$2:$D$601,MATCH(B18,Students!$A$2:$A$601,0)) -> DSA with Java | L18: =INDEX(Companies!$C$2:$C$31,MATCH(C18,Companies!$A$2:$A$31,0)) -> Product | M18: =INDEX(Companies!$D$2:$D$31,MATCH(C18,Companies!$A$2:$A$31,0)) -> Tier 1 | N18: =MATCH(F18,Assumptions!$K$4:$K$8,0) -> 2 | O18: =IF(H18="Yes",MONTH(I18),"") | P18: =IF(H18="Yes",B18,"")
A19: A00018 | B19: S0051 | C19: C19 | D19: Software Development Engineer | E19: 45143 | F19: Online Test | J19: =INDEX(Students!$C$2:$C$601,MATCH(B19,Students!$A$2:$A$601,0)) -> Batch 2024 | K19: =INDEX(Students!$D$2:$D$601,MATCH(B19,Students!$A$2:$A$601,0)) -> DSA with Java | L19: =INDEX(Companies!$C$2:$C$31,MATCH(C19,Companies!$A$2:$A$31,0)) -> IT Services | M19: =INDEX(Companies!$D$2:$D$31,MATCH(C19,Companies!$A$2:$A$31,0)) -> Tier 3 | N19: =MATCH(F19,Assumptions!$K$4:$K$8,0) -> 2 | O19: =IF(H19="Yes",MONTH(I19),"") | P19: =IF(H19="Yes",B19,"")
A20: A00019 | B20: S0015 | C20: C02 | D20: Full Stack Developer | E20: 45144 | F20: HR Interview | J20: =INDEX(Students!$C$2:$C$601,MATCH(B20,Students!$A$2:$A$601,0)) -> Batch 2024 | K20: =INDEX(Students!$D$2:$D$601,MATCH(B20,Students!$A$2:$A$601,0)) -> Full Stack Development | L20: =INDEX(Companies!$C$2:$C$31,MATCH(C20,Companies!$A$2:$A$31,0)) -> Product | M20: =INDEX(Companies!$D$2:$D$31,MATCH(C20,Companies!$A$2:$A$31,0)) -> Tier 1 | N20: =MATCH(F20,Assumptions!$K$4:$K$8,0) -> 4 | O20: =IF(H20="Yes",MONTH(I20),"") | P20: =IF(H20="Yes",B20,"")
A21: A00020 | B21: S0011 | C21: C22 | D21: Data Analyst | E21: 45145 | F21: Online Test | J21: =INDEX(Students!$C$2:$C$601,MATCH(B21,Students!$A$2:$A$601,0)) -> Batch 2024 | K21: =INDEX(Students!$D$2:$D$601,MATCH(B21,Students!$A$2:$A$601,0)) -> Data Analytics | L21: =INDEX(Companies!$C$2:$C$31,MATCH(C21,Companies!$A$2:$A$31,0)) -> IT Services | M21: =INDEX(Companies!$D$2:$D$31,MATCH(C21,Companies!$A$2:$A$31,0)) -> Tier 3 | N21: =MATCH(F21,Assumptions!$K$4:$K$8,0) -> 2 | O21: =IF(H21="Yes",MONTH(I21),"") | P21: =IF(H21="Yes",B21,"")
A22: A00021 | B22: S0027 | C22: C14 | D22: Backend Engineer | E22: 45146 | F22: Applied | J22: =INDEX(Students!$C$2:$C$601,MATCH(B22,Students!$A$2:$A$601,0)) -> Batch 2024 | K22: =INDEX(Students!$D$2:$D$601,MATCH(B22,Students!$A$2:$A$601,0)) -> DSA with Java | L22: =INDEX(Companies!$C$2:$C$31,MATCH(C22,Companies!$A$2:$A$31,0)) -> E-commerce | M22: =INDEX(Companies!$D$2:$D$31,MATCH(C22,Companies!$A$2:$A$31,0)) -> Tier 2 | N22: =MATCH(F22,Assumptions!$K$4:$K$8,0) -> 1 | O22: =IF(H22="Yes",MONTH(I22),"") | P22: =IF(H22="Yes",B22,"")
A23: A00022 | B23: S0047 | C23: C12 | D23: BI Analyst | E23: 45146 | F23: Technical Interview | J23: =INDEX(Students!$C$2:$C$601,MATCH(B23,Students!$A$2:$A$601,0)) -> Batch 2024 | K23: =INDEX(Students!$D$2:$D$601,MATCH(B23,Students!$A$2:$A$601,0)) -> Data Analytics | L23: =INDEX(Companies!$C$2:$C$31,MATCH(C23,Companies!$A$2:$A$31,0)) -> Product | M23: =INDEX(Companies!$D$2:$D$31,MATCH(C23,Companies!$A$2:$A$31,0)) -> Tier 2 | N23: =MATCH(F23,Assumptions!$K$4:$K$8,0) -> 3 | O23: =IF(H23="Yes",MONTH(I23),"") | P23: =IF(H23="Yes",B23,"")
A24: A00023 | B24: S0060 | C24: C20 | D24: Full Stack Developer | E24: 45146 | F24: Offered | G24: 5.4 | H24: No | I24: 45180 | J24: =INDEX(Students!$C$2:$C$601,MATCH(B24,Students!$A$2:$A$601,0)) -> Batch 2024 | K24: =INDEX(Students!$D$2:$D$601,MATCH(B24,Students!$A$2:$A$601,0)) -> Full Stack Development | L24: =INDEX(Companies!$C$2:$C$31,MATCH(C24,Companies!$A$2:$A$31,0)) -> IT Services | M24: =INDEX(Companies!$D$2:$D$31,MATCH(C24,Companies!$A$2:$A$31,0)) -> Tier 3 | N24: =MATCH(F24,Assumptions!$K$4:$K$8,0) -> 5 | O24: =IF(H24="Yes",MONTH(I24),"") | P24: =IF(H24="Yes",B24,"")
A25: A00024 | B25: S0017 | C25: C08 | D25: SOC Analyst | E25: 45146 | F25: Online Test | J25: =INDEX(Students!$C$2:$C$601,MATCH(B25,Students!$A$2:$A$601,0)) -> Batch 2024 | K25: =INDEX(Students!$D$2:$D$601,MATCH(B25,Students!$A$2:$A$601,0)) -> Cybersecurity | L25: =INDEX(Companies!$C$2:$C$31,MATCH(C25,Companies!$A$2:$A$31,0)) -> EdTech | M25: =INDEX(Companies!$D$2:$D$31,MATCH(C25,Companies!$A$2:$A$31,0)) -> Tier 2 | N25: =MATCH(F25,Assumptions!$K$4:$K$8,0) -> 2 | O25: =IF(H25="Yes",MONTH(I25),"") | P25: =IF(H25="Yes",B25,"")
A26: A00025 | B26: S0147 | C26: C03 | D26: Software Development Engineer | E26: 45146 | F26: Applied | J26: =INDEX(Students!$C$2:$C$601,MATCH(B26,Students!$A$2:$A$601,0)) -> Batch 2024 | K26: =INDEX(Students!$D$2:$D$601,MATCH(B26,Students!$A$2:$A$601,0)) -> DSA with Java | L26: =INDEX(Companies!$C$2:$C$31,MATCH(C26,Companies!$A$2:$A$31,0)) -> Fintech | M26: =INDEX(Companies!$D$2:$D$31,MATCH(C26,Companies!$A$2:$A$31,0)) -> Tier 1 | N26: =MATCH(F26,Assumptions!$K$4:$K$8,0) -> 1 | O26: =IF(H26="Yes",MONTH(I26),"") | P26: =IF(H26="Yes",B26,"")
A27: A00026 | B27: S0014 | C27: C26 | D27: Software Engineer | E27: 45146 | F27: Online Test | J27: =INDEX(Students!$C$2:$C$601,MATCH(B27,Students!$A$2:$A$601,0)) -> Batch 2024 | K27: =INDEX(Students!$D$2:$D$601,MATCH(B27,Students!$A$2:$A$601,0)) -> Full Stack Development | L27: =INDEX(Companies!$C$2:$C$31,MATCH(C27,Companies!$A$2:$A$31,0)) -> IT Services | M27: =INDEX(Companies!$D$2:$D$31,MATCH(C27,Companies!$A$2:$A$31,0)) -> Tier 3 | N27: =MATCH(F27,Assumptions!$K$4:$K$8,0) -> 2 | O27: =IF(H27="Yes",MONTH(I27),"") | P27: =IF(H27="Yes",B27,"")
A28: A00027 | B28: S0037 | C28: C07 | D28: BI Analyst | E28: 45146 | F28: Applied | J28: =INDEX(Students!$C$2:$C$601,MATCH(B28,Students!$A$2:$A$601,0)) -> Batch 2024 | K28: =INDEX(Students!$D$2:$D$601,MATCH(B28,Students!$A$2:$A$601,0)) -> Data Analytics | L28: =INDEX(Companies!$C$2:$C$31,MATCH(C28,Companies!$A$2:$A$31,0)) -> E-commerce | M28: =INDEX(Companies!$D$2:$D$31,MATCH(C28,Companies!$A$2:$A$31,0)) -> Tier 2 | N28: =MATCH(F28,Assumptions!$K$4:$K$8,0) -> 1 | O28: =IF(H28="Yes",MONTH(I28),"") | P28: =IF(H28="Yes",B28,"")
A29: A00028 | B29: S0030 | C29: C04 | D29: SOC Analyst | E29: 45146 | F29: Online Test | J29: =INDEX(Students!$C$2:$C$601,MATCH(B29,Students!$A$2:$A$601,0)) -> Batch 2024 | K29: =INDEX(Students!$D$2:$D$601,MATCH(B29,Students!$A$2:$A$601,0)) -> Cybersecurity | L29: =INDEX(Companies!$C$2:$C$31,MATCH(C29,Companies!$A$2:$A$31,0)) -> E-commerce | M29: =INDEX(Companies!$D$2:$D$31,MATCH(C29,Companies!$A$2:$A$31,0)) -> Tier 1 | N29: =MATCH(F29,Assumptions!$K$4:$K$8,0) -> 2 | O29: =IF(H29="Yes",MONTH(I29),"") | P29: =IF(H29="Yes",B29,"")
A30: A00029 | B30: S0148 | C30: C27 | D30: Backend Engineer | E30: 45146 | F30: Offered | G30: 6.3 | H30: No | I30: 45195 | J30: =INDEX(Students!$C$2:$C$601,MATCH(B30,Students!$A$2:$A$601,0)) -> Batch 2024 | K30: =INDEX(Students!$D$2:$D$601,MATCH(B30,Students!$A$2:$A$601,0)) -> DSA with Java | L30: =INDEX(Companies!$C$2:$C$31,MATCH(C30,Companies!$A$2:$A$31,0)) -> EdTech | M30: =INDEX(Companies!$D$2:$D$31,MATCH(C30,Companies!$A$2:$A$31,0)) -> Tier 3 | N30: =MATCH(F30,Assumptions!$K$4:$K$8,0) -> 5 | O30: =IF(H30="Yes",MONTH(I30),"") | P30: =IF(H30="Yes",B30,"")
A31: A00030 | B31: S0060 | C31: C12 | D31: Software Engineer | E31: 45147 | F31: Online Test | J31: =INDEX(Students!$C$2:$C$601,MATCH(B31,Students!$A$2:$A$601,0)) -> Batch 2024 | K31: =INDEX(Students!$D$2:$D$601,MATCH(B31,Students!$A$2:$A$601,0)) -> Full Stack Development | L31: =INDEX(Companies!$C$2:$C$31,MATCH(C31,Companies!$A$2:$A$31,0)) -> Product | M31: =INDEX(Companies!$D$2:$D$31,MATCH(C31,Companies!$A$2:$A$31,0)) -> Tier 2 | N31: =MATCH(F31,Assumptions!$K$4:$K$8,0) -> 2 | O31: =IF(H31="Yes",MONTH(I31),"") | P31: =IF(H31="Yes",B31,"")
A32: A00031 | B32: S0012 | C32: C05 | D32: Software Development Engineer | E32: 45147 | F32: Online Test | J32: =INDEX(Students!$C$2:$C$601,MATCH(B32,Students!$A$2:$A$601,0)) -> Batch 2024 | K32: =INDEX(Students!$D$2:$D$601,MATCH(B32,Students!$A$2:$A$601,0)) -> DSA with Java | L32: =INDEX(Companies!$C$2:$C$31,MATCH(C32,Companies!$A$2:$A$31,0)) -> Analytics & Consulting | M32: =INDEX(Companies!$D$2:$D$31,MATCH(C32,Companies!$A$2:$A$31,0)) -> Tier 1 | N32: =MATCH(F32,Assumptions!$K$4:$K$8,0) -> 2 | O32: =IF(H32="Yes",MONTH(I32),"") | P32: =IF(H32="Yes",B32,"")
A33: A00032 | B33: S0090 | C33: C27 | D33: Data Analyst | E33: 45148 | F33: Technical Interview | J33: =INDEX(Students!$C$2:$C$601,MATCH(B33,Students!$A$2:$A$601,0)) -> Batch 2024 | K33: =INDEX(Students!$D$2:$D$601,MATCH(B33,Students!$A$2:$A$601,0)) -> Data Analytics | L33: =INDEX(Companies!$C$2:$C$31,MATCH(C33,Companies!$A$2:$A$31,0)) -> EdTech | M33: =INDEX(Companies!$D$2:$D$31,MATCH(C33,Companies!$A$2:$A$31,0)) -> Tier 3 | N33: =MATCH(F33,Assumptions!$K$4:$K$8,0) -> 3 | O33: =IF(H33="Yes",MONTH(I33),"") | P33: =IF(H33="Yes",B33,"")
A34: A00033 | B34: S0017 | C34: C29 | D34: Security Analyst | E34: 45148 | F34: HR Interview | J34: =INDEX(Students!$C$2:$C$601,MATCH(B34,Students!$A$2:$A$601,0)) -> Batch 2024 | K34: =INDEX(Students!$D$2:$D$601,MATCH(B34,Students!$A$2:$A$601,0)) -> Cybersecurity | L34: =INDEX(Companies!$C$2:$C$31,MATCH(C34,Companies!$A$2:$A$31,0)) -> E-commerce | M34: =INDEX(Companies!$D$2:$D$31,MATCH(C34,Companies!$A$2:$A$31,0)) -> Tier 3 | N34: =MATCH(F34,Assumptions!$K$4:$K$8,0) -> 4 | O34: =IF(H34="Yes",MONTH(I34),"") | P34: =IF(H34="Yes",B34,"")
A35: A00034 | B35: S0115 | C35: C04 | D35: Software Engineer | E35: 45148 | F35: Offered | G35: 26 | H35: No | I35: 45190 | J35: =INDEX(Students!$C$2:$C$601,MATCH(B35,Students!$A$2:$A$601,0)) -> Batch 2024 | K35: =INDEX(Students!$D$2:$D$601,MATCH(B35,Students!$A$2:$A$601,0)) -> Full Stack Development | L35: =INDEX(Companies!$C$2:$C$31,MATCH(C35,Companies!$A$2:$A$31,0)) -> E-commerce | M35: =INDEX(Companies!$D$2:$D$31,MATCH(C35,Companies!$A$2:$A$31,0)) -> Tier 1 | N35: =MATCH(F35,Assumptions!$K$4:$K$8,0) -> 5 | O35: =IF(H35="Yes",MONTH(I35),"") | P35: =IF(H35="Yes",B35,"")
A36: A00035 | B36: S0167 | C36: C30 | D36: Data Scientist | E36: 45148 | F36: Applied | J36: =INDEX(Students!$C$2:$C$601,MATCH(B36,Students!$A$2:$A$601,0)) -> Batch 2024 | K36: =INDEX(Students!$D$2:$D$601,MATCH(B36,Students!$A$2:$A$601,0)) -> Data Science & ML | L36: =INDEX(Companies!$C$2:$C$31,MATCH(C36,Companies!$A$2:$A$31,0)) -> Analytics & Consulting | M36: =INDEX(Companies!$D$2:$D$31,MATCH(C36,Companies!$A$2:$A$31,0)) -> Tier 3 | N36: =MATCH(F36,Assumptions!$K$4:$K$8,0) -> 1 | O36: =IF(H36="Yes",MONTH(I36),"") | P36: =IF(H36="Yes",B36,"")
A37: A00036 | B37: S0093 | C37: C18 | D37: Data Analyst | E37: 45149 | F37: Applied | J37: =INDEX(Students!$C$2:$C$601,MATCH(B37,Students!$A$2:$A$601,0)) -> Batch 2024 | K37: =INDEX(Students!$D$2:$D$601,MATCH(B37,Students!$A$2:$A$601,0)) -> Data Analytics | L37: =INDEX(Companies!$C$2:$C$31,MATCH(C37,Companies!$A$2:$A$31,0)) -> Analytics & Consulting | M37: =INDEX(Companies!$D$2:$D$31,MATCH(C37,Companies!$A$2:$A$31,0)) -> Tier 2 | N37: =MATCH(F37,Assumptions!$K$4:$K$8,0) -> 1 | O37: =IF(H37="Yes",MONTH(I37),"") | P37: =IF(H37="Yes",B37,"")
A38: A00037 | B38: S0110 | C38: C27 | D38: Backend Engineer | E38: 45149 | F38: Applied | J38: =INDEX(Students!$C$2:$C$601,MATCH(B38,Students!$A$2:$A$601,0)) -> Batch 2024 | K38: =INDEX(Students!$D$2:$D$601,MATCH(B38,Students!$A$2:$A$601,0)) -> DSA with Java | L38: =INDEX(Companies!$C$2:$C$31,MATCH(C38,Companies!$A$2:$A$31,0)) -> EdTech | M38: =INDEX(Companies!$D$2:$D$31,MATCH(C38,Companies!$A$2:$A$31,0)) -> Tier 3 | N38: =MATCH(F38,Assumptions!$K$4:$K$8,0) -> 1 | O38: =IF(H38="Yes",MONTH(I38),"") | P38: =IF(H38="Yes",B38,"")
A39: A00038 | B39: S0102 | C39: C22 | D39: Full Stack Developer | E39: 45149 | F39: Technical Interview | J39: =INDEX(Students!$C$2:$C$601,MATCH(B39,Students!$A$2:$A$601,0)) -> Batch 2024 | K39: =INDEX(Students!$D$2:$D$601,MATCH(B39,Students!$A$2:$A$601,0)) -> Full Stack Development | L39: =INDEX(Companies!$C$2:$C$31,MATCH(C39,Companies!$A$2:$A$31,0)) -> IT Services | M39: =INDEX(Companies!$D$2:$D$31,MATCH(C39,Companies!$A$2:$A$31,0)) -> Tier 3 | N39: =MATCH(F39,Assumptions!$K$4:$K$8,0) -> 3 | O39: =IF(H39="Yes",MONTH(I39),"") | P39: =IF(H39="Yes",B39,"")
A40: A00039 | B40: S0167 | C40: C25 | D40: Data Scientist | E40: 45149 | F40: Online Test | J40: =INDEX(Students!$C$2:$C$601,MATCH(B40,Students!$A$2:$A$601,0)) -> Batch 2024 | K40: =INDEX(Students!$D$2:$D$601,MATCH(B40,Students!$A$2:$A$601,0)) -> Data Science & ML | L40: =INDEX(Companies!$C$2:$C$31,MATCH(C40,Companies!$A$2:$A$31,0)) -> IT Services | M40: =INDEX(Companies!$D$2:$D$31,MATCH(C40,Companies!$A$2:$A$31,0)) -> Tier 3 | N40: =MATCH(F40,Assumptions!$K$4:$K$8,0) -> 2 | O40: =IF(H40="Yes",MONTH(I40),"") | P40: =IF(H40="Yes",B40,"")
A41: A00040 | B41: S0179 | C41: C14 | D41: Data Analyst | E41: 45149 | F41: Online Test | J41: =INDEX(Students!$C$2:$C$601,MATCH(B41,Students!$A$2:$A$601,0)) -> Batch 2024 | K41: =INDEX(Students!$D$2:$D$601,MATCH(B41,Students!$A$2:$A$601,0)) -> Data Analytics | L41: =INDEX(Companies!$C$2:$C$31,MATCH(C41,Companies!$A$2:$A$31,0)) -> E-commerce | M41: =INDEX(Companies!$D$2:$D$31,MATCH(C41,Companies!$A$2:$A$31,0)) -> Tier 2 | N41: =MATCH(F41,Assumptions!$K$4:$K$8,0) -> 2 | O41: =IF(H41="Yes",MONTH(I41),"") | P41: =IF(H41="Yes",B41,"")
A42: A00041 | B42: S0052 | C42: C22 | D42: Data Scientist | E42: 45150 | F42: HR Interview | J42: =INDEX(Students!$C$2:$C$601,MATCH(B42,Students!$A$2:$A$601,0)) -> Batch 2024 | K42: =INDEX(Students!$D$2:$D$601,MATCH(B42,Students!$A$2:$A$601,0)) -> Data Science & ML | L42: =INDEX(Companies!$C$2:$C$31,MATCH(C42,Companies!$A$2:$A$31,0)) -> IT Services | M42: =INDEX(Companies!$D$2:$D$31,MATCH(C42,Companies!$A$2:$A$31,0)) -> Tier 3 | N42: =MATCH(F42,Assumptions!$K$4:$K$8,0) -> 4 | O42: =IF(H42="Yes",MONTH(I42),"") | P42: =IF(H42="Yes",B42,"")
A43: A00042 | B43: S0104 | C43: C18 | D43: Full Stack Developer | E43: 45150 | F43: Offered | G43: 13 | H43: Yes | I43: 45187 | J43: =INDEX(Students!$C$2:$C$601,MATCH(B43,Students!$A$2:$A$601,0)) -> Batch 2024 | K43: =INDEX(Students!$D$2:$D$601,MATCH(B43,Students!$A$2:$A$601,0)) -> Full Stack Development | L43: =INDEX(Companies!$C$2:$C$31,MATCH(C43,Companies!$A$2:$A$31,0)) -> Analytics & Consulting | M43: =INDEX(Companies!$D$2:$D$31,MATCH(C43,Companies!$A$2:$A$31,0)) -> Tier 2 | N43: =MATCH(F43,Assumptions!$K$4:$K$8,0) -> 5 | O43: =IF(H43="Yes",MONTH(I43),"") -> 9 | P43: =IF(H43="Yes",B43,"") -> S0104
A44: A00043 | B44: S0006 | C44: C22 | D44: BI Analyst | E44: 45150 | F44: Technical Interview | J44: =INDEX(Students!$C$2:$C$601,MATCH(B44,Students!$A$2:$A$601,0)) -> Batch 2024 | K44: =INDEX(Students!$D$2:$D$601,MATCH(B44,Students!$A$2:$A$601,0)) -> Data Analytics | L44: =INDEX(Companies!$C$2:$C$31,MATCH(C44,Companies!$A$2:$A$31,0)) -> IT Services | M44: =INDEX(Companies!$D$2:$D$31,MATCH(C44,Companies!$A$2:$A$31,0)) -> Tier 3 | N44: =MATCH(F44,Assumptions!$K$4:$K$8,0) -> 3 | O44: =IF(H44="Yes",MONTH(I44),"") | P44: =IF(H44="Yes",B44,"")
A45: A00044 | B45: S0025 | C45: C28 | D45: Data Analyst | E45: 45151 | F45: Offered | G45: 5.4 | H45: No | I45: 45176 | J45: =INDEX(Students!$C$2:$C$601,MATCH(B45,Students!$A$2:$A$601,0)) -> Batch 2024 | K45: =INDEX(Students!$D$2:$D$601,MATCH(B45,Students!$A$2:$A$601,0)) -> Data Analytics | L45: =INDEX(Companies!$C$2:$C$31,MATCH(C45,Companies!$A$2:$A$31,0)) -> Healthtech | M45: =INDEX(Companies!$D$2:$D$31,MATCH(C45,Companies!$A$2:$A$31,0)) -> Tier 3 | N45: =MATCH(F45,Assumptions!$K$4:$K$8,0) -> 5 | O45: =IF(H45="Yes",MONTH(I45),"") | P45: =IF(H45="Yes",B45,"")
A46: A00045 | B46: S0120 | C46: C28 | D46: Software Engineer | E46: 45151 | F46: Online Test | J46: =INDEX(Students!$C$2:$C$601,MATCH(B46,Students!$A$2:$A$601,0)) -> Batch 2024 | K46: =INDEX(Students!$D$2:$D$601,MATCH(B46,Students!$A$2:$A$601,0)) -> Full Stack Development | L46: =INDEX(Companies!$C$2:$C$31,MATCH(C46,Companies!$A$2:$A$31,0)) -> Healthtech | M46: =INDEX(Companies!$D$2:$D$31,MATCH(C46,Companies!$A$2:$A$31,0)) -> Tier 3 | N46: =MATCH(F46,Assumptions!$K$4:$K$8,0) -> 2 | O46: =IF(H46="Yes",MONTH(I46),"") | P46: =IF(H46="Yes",B46,"")
A47: A00046 | B47: S0125 | C47: C24 | D47: ML Engineer | E47: 45151 | F47: Offered | G47: 5.9 | H47: No | I47: 45181 | J47: =INDEX(Students!$C$2:$C$601,MATCH(B47,Students!$A$2:$A$601,0)) -> Batch 2024 | K47: =INDEX(Students!$D$2:$D$601,MATCH(B47,Students!$A$2:$A$601,0)) -> Data Science & ML | L47: =INDEX(Companies!$C$2:$C$31,MATCH(C47,Companies!$A$2:$A$31,0)) -> IT Services | M47: =INDEX(Companies!$D$2:$D$31,MATCH(C47,Companies!$A$2:$A$31,0)) -> Tier 3 | N47: =MATCH(F47,Assumptions!$K$4:$K$8,0) -> 5 | O47: =IF(H47="Yes",MONTH(I47),"") | P47: =IF(H47="Yes",B47,"")
A48: A00047 | B48: S0014 | C48: C20 | D48: Full Stack Developer | E48: 45151 | F48: Offered | G48: 4.7 | H48: No | I48: 45196 | J48: =INDEX(Students!$C$2:$C$601,MATCH(B48,Students!$A$2:$A$601,0)) -> Batch 2024 | K48: =INDEX(Students!$D$2:$D$601,MATCH(B48,Students!$A$2:$A$601,0)) -> Full Stack Development | L48: =INDEX(Companies!$C$2:$C$31,MATCH(C48,Companies!$A$2:$A$31,0)) -> IT Services | M48: =INDEX(Companies!$D$2:$D$31,MATCH(C48,Companies!$A$2:$A$31,0)) -> Tier 3 | N48: =MATCH(F48,Assumptions!$K$4:$K$8,0) -> 5 | O48: =IF(H48="Yes",MONTH(I48),"") | P48: =IF(H48="Yes",B48,"")
A49: A00048 | B49: S0034 | C49: C25 | D49: Software Development Engineer | E49: 45152 | F49: Offered | G49: 6.6 | H49: No | I49: 45182 | J49: =INDEX(Students!$C$2:$C$601,MATCH(B49,Students!$A$2:$A$601,0)) -> Batch 2024 | K49: =INDEX(Students!$D$2:$D$601,MATCH(B49,Students!$A$2:$A$601,0)) -> DSA with Java | L49: =INDEX(Companies!$C$2:$C$31,MATCH(C49,Companies!$A$2:$A$31,0)) -> IT Services | M49: =INDEX(Companies!$D$2:$D$31,MATCH(C49,Companies!$A$2:$A$31,0)) -> Tier 3 | N49: =MATCH(F49,Assumptions!$K$4:$K$8,0) -> 5 | O49: =IF(H49="Yes",MONTH(I49),"") | P49: =IF(H49="Yes",B49,"")
A50: A00049 | B50: S0099 | C50: C01 | D50: Data Scientist | E50: 45152 | F50: Applied | J50: =INDEX(Students!$C$2:$C$601,MATCH(B50,Students!$A$2:$A$601,0)) -> Batch 2024 | K50: =INDEX(Students!$D$2:$D$601,MATCH(B50,Students!$A$2:$A$601,0)) -> Data Science & ML | L50: =INDEX(Companies!$C$2:$C$31,MATCH(C50,Companies!$A$2:$A$31,0)) -> Product | M50: =INDEX(Companies!$D$2:$D$31,MATCH(C50,Companies!$A$2:$A$31,0)) -> Tier 1 | N50: =MATCH(F50,Assumptions!$K$4:$K$8,0) -> 1 | O50: =IF(H50="Yes",MONTH(I50),"") | P50: =IF(H50="Yes",B50,"")
A51: A00050 | B51: S0077 | C51: C28 | D51: SOC Analyst | E51: 45152 | F51: Offered | G51: 5.9 | H51: Yes | I51: 45193 | J51: =INDEX(Students!$C$2:$C$601,MATCH(B51,Students!$A$2:$A$601,0)) -> Batch 2024 | K51: =INDEX(Students!$D$2:$D$601,MATCH(B51,Students!$A$2:$A$601,0)) -> Cybersecurity | L51: =INDEX(Companies!$C$2:$C$31,MATCH(C51,Companies!$A$2:$A$31,0)) -> Healthtech | M51: =INDEX(Companies!$D$2:$D$31,MATCH(C51,Companies!$A$2:$A$31,0)) -> Tier 3 | N51: =MATCH(F51,Assumptions!$K$4:$K$8,0) -> 5 | O51: =IF(H51="Yes",MONTH(I51),"") -> 9 | P51: =IF(H51="Yes",B51,"") -> S0077
A52: A00051 | B52: S0052 | C52: C24 | D52: Data Scientist | E52: 45152 | F52: Applied | J52: =INDEX(Students!$C$2:$C$601,MATCH(B52,Students!$A$2:$A$601,0)) -> Batch 2024 | K52: =INDEX(Students!$D$2:$D$601,MATCH(B52,Students!$A$2:$A$601,0)) -> Data Science & ML | L52: =INDEX(Companies!$C$2:$C$31,MATCH(C52,Companies!$A$2:$A$31,0)) -> IT Services | M52: =INDEX(Companies!$D$2:$D$31,MATCH(C52,Companies!$A$2:$A$31,0)) -> Tier 3 | N52: =MATCH(F52,Assumptions!$K$4:$K$8,0) -> 1 | O52: =IF(H52="Yes",MONTH(I52),"") | P52: =IF(H52="Yes",B52,"")
A53: A00052 | B53: S0030 | C53: C29 | D53: Security Analyst | E53: 45153 | F53: Applied | J53: =INDEX(Students!$C$2:$C$601,MATCH(B53,Students!$A$2:$A$601,0)) -> Batch 2024 | K53: =INDEX(Students!$D$2:$D$601,MATCH(B53,Students!$A$2:$A$601,0)) -> Cybersecurity | L53: =INDEX(Companies!$C$2:$C$31,MATCH(C53,Companies!$A$2:$A$31,0)) -> E-commerce | M53: =INDEX(Companies!$D$2:$D$31,MATCH(C53,Companies!$A$2:$A$31,0)) -> Tier 3 | N53: =MATCH(F53,Assumptions!$K$4:$K$8,0) -> 1 | O53: =IF(H53="Yes",MONTH(I53),"") | P53: =IF(H53="Yes",B53,"")
A54: A00053 | B54: S0165 | C54: C11 | D54: Software Engineer | E54: 45154 | F54: Online Test | J54: =INDEX(Students!$C$2:$C$601,MATCH(B54,Students!$A$2:$A$601,0)) -> Batch 2024 | K54: =INDEX(Students!$D$2:$D$601,MATCH(B54,Students!$A$2:$A$601,0)) -> Full Stack Development | L54: =INDEX(Companies!$C$2:$C$31,MATCH(C54,Companies!$A$2:$A$31,0)) -> Analytics & Consulting | M54: =INDEX(Companies!$D$2:$D$31,MATCH(C54,Companies!$A$2:$A$31,0)) -> Tier 2 | N54: =MATCH(F54,Assumptions!$K$4:$K$8,0) -> 2 | O54: =IF(H54="Yes",MONTH(I54),"") | P54: =IF(H54="Yes",B54,"")
A55: A00054 | B55: S0087 | C55: C23 | D55: Data Analyst | E55: 45154 | F55: Applied | J55: =INDEX(Students!$C$2:$C$601,MATCH(B55,Students!$A$2:$A$601,0)) -> Batch 2024 | K55: =INDEX(Students!$D$2:$D$601,MATCH(B55,Students!$A$2:$A$601,0)) -> Data Analytics | L55: =INDEX(Companies!$C$2:$C$31,MATCH(C55,Companies!$A$2:$A$31,0)) -> IT Services | M55: =INDEX(Companies!$D$2:$D$31,MATCH(C55,Companies!$A$2:$A$31,0)) -> Tier 3 | N55: =MATCH(F55,Assumptions!$K$4:$K$8,0) -> 1 | O55: =IF(H55="Yes",MONTH(I55),"") | P55: =IF(H55="Yes",B55,"")
A56: A00055 | B56: S0057 | C56: C21 | D56: Full Stack Developer | E56: 45155 | F56: Applied | J56: =INDEX(Students!$C$2:$C$601,MATCH(B56,Students!$A$2:$A$601,0)) -> Batch 2024 | K56: =INDEX(Students!$D$2:$D$601,MATCH(B56,Students!$A$2:$A$601,0)) -> Full Stack Development | L56: =INDEX(Companies!$C$2:$C$31,MATCH(C56,Companies!$A$2:$A$31,0)) -> IT Services | M56: =INDEX(Companies!$D$2:$D$31,MATCH(C56,Companies!$A$2:$A$31,0)) -> Tier 3 | N56: =MATCH(F56,Assumptions!$K$4:$K$8,0) -> 1 | O56: =IF(H56="Yes",MONTH(I56),"") | P56: =IF(H56="Yes",B56,"")
A57: A00056 | B57: S0092 | C57: C09 | D57: Full Stack Developer | E57: 45155 | F57: Applied | J57: =INDEX(Students!$C$2:$C$601,MATCH(B57,Students!$A$2:$A$601,0)) -> Batch 2024 | K57: =INDEX(Students!$D$2:$D$601,MATCH(B57,Students!$A$2:$A$601,0)) -> Full Stack Development | L57: =INDEX(Companies!$C$2:$C$31,MATCH(C57,Companies!$A$2:$A$31,0)) -> Healthtech | M57: =INDEX(Companies!$D$2:$D$31,MATCH(C57,Companies!$A$2:$A$31,0)) -> Tier 2 | N57: =MATCH(F57,Assumptions!$K$4:$K$8,0) -> 1 | O57: =IF(H57="Yes",MONTH(I57),"") | P57: =IF(H57="Yes",B57,"")
A58: A00057 | B58: S0034 | C58: C29 | D58: Software Development Engineer | E58: 45155 | F58: Offered | G58: 5.9 | H58: No | I58: 45196 | J58: =INDEX(Students!$C$2:$C$601,MATCH(B58,Students!$A$2:$A$601,0)) -> Batch 2024 | K58: =INDEX(Students!$D$2:$D$601,MATCH(B58,Students!$A$2:$A$601,0)) -> DSA with Java | L58: =INDEX(Companies!$C$2:$C$31,MATCH(C58,Companies!$A$2:$A$31,0)) -> E-commerce | M58: =INDEX(Companies!$D$2:$D$31,MATCH(C58,Companies!$A$2:$A$31,0)) -> Tier 3 | N58: =MATCH(F58,Assumptions!$K$4:$K$8,0) -> 5 | O58: =IF(H58="Yes",MONTH(I58),"") | P58: =IF(H58="Yes",B58,"")
A59: A00058 | B59: S0111 | C59: C11 | D59: Security Analyst | E59: 45155 | F59: Online Test | J59: =INDEX(Students!$C$2:$C$601,MATCH(B59,Students!$A$2:$A$601,0)) -> Batch 2024 | K59: =INDEX(Students!$D$2:$D$601,MATCH(B59,Students!$A$2:$A$601,0)) -> Cybersecurity | L59: =INDEX(Companies!$C$2:$C$31,MATCH(C59,Companies!$A$2:$A$31,0)) -> Analytics & Consulting | M59: =INDEX(Companies!$D$2:$D$31,MATCH(C59,Companies!$A$2:$A$31,0)) -> Tier 2 | N59: =MATCH(F59,Assumptions!$K$4:$K$8,0) -> 2 | O59: =IF(H59="Yes",MONTH(I59),"") | P59: =IF(H59="Yes",B59,"")
A60: A00059 | B60: S0133 | C60: C22 | D60: Data Analyst | E60: 45155 | F60: Offered | G60: 6.8 | H60: No | I60: 45180 | J60: =INDEX(Students!$C$2:$C$601,MATCH(B60,Students!$A$2:$A$601,0)) -> Batch 2024 | K60: =INDEX(Students!$D$2:$D$601,MATCH(B60,Students!$A$2:$A$601,0)) -> Data Analytics | L60: =INDEX(Companies!$C$2:$C$31,MATCH(C60,Companies!$A$2:$A$31,0)) -> IT Services | M60: =INDEX(Companies!$D$2:$D$31,MATCH(C60,Companies!$A$2:$A$31,0)) -> Tier 3 | N60: =MATCH(F60,Assumptions!$K$4:$K$8,0) -> 5 | O60: =IF(H60="Yes",MONTH(I60),"") | P60: =IF(H60="Yes",B60,"")
A61: A00060 | B61: S0010 | C61: C11 | D61: Full Stack Developer | E61: 45155 | F61: Applied | J61: =INDEX(Students!$C$2:$C$601,MATCH(B61,Students!$A$2:$A$601,0)) -> Batch 2024 | K61: =INDEX(Students!$D$2:$D$601,MATCH(B61,Students!$A$2:$A$601,0)) -> Full Stack Development | L61: =INDEX(Companies!$C$2:$C$31,MATCH(C61,Companies!$A$2:$A$31,0)) -> Analytics & Consulting | M61: =INDEX(Companies!$D$2:$D$31,MATCH(C61,Companies!$A$2:$A$31,0)) -> Tier 2 | N61: =MATCH(F61,Assumptions!$K$4:$K$8,0) -> 1 | O61: =IF(H61="Yes",MONTH(I61),"") | P61: =IF(H61="Yes",B61,"")
A62: A00061 | B62: S0163 | C62: C06 | D62: ML Engineer | E62: 45155 | F62: Applied | J62: =INDEX(Students!$C$2:$C$601,MATCH(B62,Students!$A$2:$A$601,0)) -> Batch 2024 | K62: =INDEX(Students!$D$2:$D$601,MATCH(B62,Students!$A$2:$A$601,0)) -> Data Science & ML | L62: =INDEX(Companies!$C$2:$C$31,MATCH(C62,Companies!$A$2:$A$31,0)) -> Cybersecurity | M62: =INDEX(Companies!$D$2:$D$31,MATCH(C62,Companies!$A$2:$A$31,0)) -> Tier 1 | N62: =MATCH(F62,Assumptions!$K$4:$K$8,0) -> 1 | O62: =IF(H62="Yes",MONTH(I62),"") | P62: =IF(H62="Yes",B62,"")
A63: A00062 | B63: S0072 | C63: C23 | D63: Software Engineer | E63: 45155 | F63: Offered | G63: 6.7 | H63: Yes | I63: 45203 | J63: =INDEX(Students!$C$2:$C$601,MATCH(B63,Students!$A$2:$A$601,0)) -> Batch 2024 | K63: =INDEX(Students!$D$2:$D$601,MATCH(B63,Students!$A$2:$A$601,0)) -> Full Stack Development | L63: =INDEX(Companies!$C$2:$C$31,MATCH(C63,Companies!$A$2:$A$31,0)) -> IT Services | M63: =INDEX(Companies!$D$2:$D$31,MATCH(C63,Companies!$A$2:$A$31,0)) -> Tier 3 | N63: =MATCH(F63,Assumptions!$K$4:$K$8,0) -> 5 | O63: =IF(H63="Yes",MONTH(I63),"") -> 10 | P63: =IF(H63="Yes",B63,"") -> S0072
A64: A00063 | B64: S0051 | C64: C16 | D64: Software Development Engineer | E64: 45156 | F64: Applied | J64: =INDEX(Students!$C$2:$C$601,MATCH(B64,Students!$A$2:$A$601,0)) -> Batch 2024 | K64: =INDEX(Students!$D$2:$D$601,MATCH(B64,Students!$A$2:$A$601,0)) -> DSA with Java | L64: =INDEX(Companies!$C$2:$C$31,MATCH(C64,Companies!$A$2:$A$31,0)) -> Cybersecurity | M64: =INDEX(Companies!$D$2:$D$31,MATCH(C64,Companies!$A$2:$A$31,0)) -> Tier 2 | N64: =MATCH(F64,Assumptions!$K$4:$K$8,0) -> 1 | O64: =IF(H64="Yes",MONTH(I64),"") | P64: =IF(H64="Yes",B64,"")
A65: A00064 | B65: S0018 | C65: C29 | D65: Software Development Engineer | E65: 45156 | F65: Offered | G65: 6 | H65: No | I65: 45177 | J65: =INDEX(Students!$C$2:$C$601,MATCH(B65,Students!$A$2:$A$601,0)) -> Batch 2024 | K65: =INDEX(Students!$D$2:$D$601,MATCH(B65,Students!$A$2:$A$601,0)) -> DSA with Java | L65: =INDEX(Companies!$C$2:$C$31,MATCH(C65,Companies!$A$2:$A$31,0)) -> E-commerce | M65: =INDEX(Companies!$D$2:$D$31,MATCH(C65,Companies!$A$2:$A$31,0)) -> Tier 3 | N65: =MATCH(F65,Assumptions!$K$4:$K$8,0) -> 5 | O65: =IF(H65="Yes",MONTH(I65),"") | P65: =IF(H65="Yes",B65,"")
A66: A00065 | B66: S0030 | C66: C30 | D66: Security Analyst | E66: 45156 | F66: Technical Interview | J66: =INDEX(Students!$C$2:$C$601,MATCH(B66,Students!$A$2:$A$601,0)) -> Batch 2024 | K66: =INDEX(Students!$D$2:$D$601,MATCH(B66,Students!$A$2:$A$601,0)) -> Cybersecurity | L66: =INDEX(Companies!$C$2:$C$31,MATCH(C66,Companies!$A$2:$A$31,0)) -> Analytics & Consulting | M66: =INDEX(Companies!$D$2:$D$31,MATCH(C66,Companies!$A$2:$A$31,0)) -> Tier 3 | N66: =MATCH(F66,Assumptions!$K$4:$K$8,0) -> 3 | O66: =IF(H66="Yes",MONTH(I66),"") | P66: =IF(H66="Yes",B66,"")
A67: A00066 | B67: S0014 | C67: C01 | D67: Full Stack Developer | E67: 45157 | F67: Applied | J67: =INDEX(Students!$C$2:$C$601,MATCH(B67,Students!$A$2:$A$601,0)) -> Batch 2024 | K67: =INDEX(Students!$D$2:$D$601,MATCH(B67,Students!$A$2:$A$601,0)) -> Full Stack Development | L67: =INDEX(Companies!$C$2:$C$31,MATCH(C67,Companies!$A$2:$A$31,0)) -> Product | M67: =INDEX(Companies!$D$2:$D$31,MATCH(C67,Companies!$A$2:$A$31,0)) -> Tier 1 | N67: =MATCH(F67,Assumptions!$K$4:$K$8,0) -> 1 | O67: =IF(H67="Yes",MONTH(I67),"") | P67: =IF(H67="Yes",B67,"")
A68: A00067 | B68: S0143 | C68: C30 | D68: Backend Engineer | E68: 45157 | F68: Technical Interview | J68: =INDEX(Students!$C$2:$C$601,MATCH(B68,Students!$A$2:$A$601,0)) -> Batch 2024 | K68: =INDEX(Students!$D$2:$D$601,MATCH(B68,Students!$A$2:$A$601,0)) -> DSA with Java | L68: =INDEX(Companies!$C$2:$C$31,MATCH(C68,Companies!$A$2:$A$31,0)) -> Analytics & Consulting | M68: =INDEX(Companies!$D$2:$D$31,MATCH(C68,Companies!$A$2:$A$31,0)) -> Tier 3 | N68: =MATCH(F68,Assumptions!$K$4:$K$8,0) -> 3 | O68: =IF(H68="Yes",MONTH(I68),"") | P68: =IF(H68="Yes",B68,"")
A69: A00068 | B69: S0054 | C69: C22 | D69: Data Scientist | E69: 45157 | F69: Applied | J69: =INDEX(Students!$C$2:$C$601,MATCH(B69,Students!$A$2:$A$601,0)) -> Batch 2024 | K69: =INDEX(Students!$D$2:$D$601,MATCH(B69,Students!$A$2:$A$601,0)) -> Data Science & ML | L69: =INDEX(Companies!$C$2:$C$31,MATCH(C69,Companies!$A$2:$A$31,0)) -> IT Services | M69: =INDEX(Companies!$D$2:$D$31,MATCH(C69,Companies!$A$2:$A$31,0)) -> Tier 3 | N69: =MATCH(F69,Assumptions!$K$4:$K$8,0) -> 1 | O69: =IF(H69="Yes",MONTH(I69),"") | P69: =IF(H69="Yes",B69,"")
A70: A00069 | B70: S0116 | C70: C06 | D70: Data Scientist | E70: 45157 | F70: Applied | J70: =INDEX(Students!$C$2:$C$601,MATCH(B70,Students!$A$2:$A$601,0)) -> Batch 2024 | K70: =INDEX(Students!$D$2:$D$601,MATCH(B70,Students!$A$2:$A$601,0)) -> Data Science & ML | L70: =INDEX(Companies!$C$2:$C$31,MATCH(C70,Companies!$A$2:$A$31,0)) -> Cybersecurity | M70: =INDEX(Companies!$D$2:$D$31,MATCH(C70,Companies!$A$2:$A$31,0)) -> Tier 1 | N70: =MATCH(F70,Assumptions!$K$4:$K$8,0) -> 1 | O70: =IF(H70="Yes",MONTH(I70),"") | P70: =IF(H70="Yes",B70,"")
A71: A00070 | B71: S0128 | C71: C01 | D71: Data Scientist | E71: 45157 | F71: Online Test | J71: =INDEX(Students!$C$2:$C$601,MATCH(B71,Students!$A$2:$A$601,0)) -> Batch 2024 | K71: =INDEX(Students!$D$2:$D$601,MATCH(B71,Students!$A$2:$A$601,0)) -> Data Science & ML | L71: =INDEX(Companies!$C$2:$C$31,MATCH(C71,Companies!$A$2:$A$31,0)) -> Product | M71: =INDEX(Companies!$D$2:$D$31,MATCH(C71,Companies!$A$2:$A$31,0)) -> Tier 1 | N71: =MATCH(F71,Assumptions!$K$4:$K$8,0) -> 2 | O71: =IF(H71="Yes",MONTH(I71),"") | P71: =IF(H71="Yes",B71,"")
A72: A00071 | B72: S0074 | C72: C03 | D72: Data Scientist | E72: 45157 | F72: Technical Interview | J72: =INDEX(Students!$C$2:$C$601,MATCH(B72,Students!$A$2:$A$601,0)) -> Batch 2024 | K72: =INDEX(Students!$D$2:$D$601,MATCH(B72,Students!$A$2:$A$601,0)) -> Data Science & ML | L72: =INDEX(Companies!$C$2:$C$31,MATCH(C72,Companies!$A$2:$A$31,0)) -> Fintech | M72: =INDEX(Companies!$D$2:$D$31,MATCH(C72,Companies!$A$2:$A$31,0)) -> Tier 1 | N72: =MATCH(F72,Assumptions!$K$4:$K$8,0) -> 3 | O72: =IF(H72="Yes",MONTH(I72),"") | P72: =IF(H72="Yes",B72,"")
A73: A00072 | B73: S0153 | C73: C30 | D73: Data Analyst | E73: 45158 | F73: Technical Interview | J73: =INDEX(Students!$C$2:$C$601,MATCH(B73,Students!$A$2:$A$601,0)) -> Batch 2024 | K73: =INDEX(Students!$D$2:$D$601,MATCH(B73,Students!$A$2:$A$601,0)) -> Data Analytics | L73: =INDEX(Companies!$C$2:$C$31,MATCH(C73,Companies!$A$2:$A$31,0)) -> Analytics & Consulting | M73: =INDEX(Companies!$D$2:$D$31,MATCH(C73,Companies!$A$2:$A$31,0)) -> Tier 3 | N73: =MATCH(F73,Assumptions!$K$4:$K$8,0) -> 3 | O73: =IF(H73="Yes",MONTH(I73),"") | P73: =IF(H73="Yes",B73,"")
A74: A00073 | B74: S0018 | C74: C23 | D74: Backend Engineer | E74: 45158 | F74: Technical Interview | J74: =INDEX(Students!$C$2:$C$601,MATCH(B74,Students!$A$2:$A$601,0)) -> Batch 2024 | K74: =INDEX(Students!$D$2:$D$601,MATCH(B74,Students!$A$2:$A$601,0)) -> DSA with Java | L74: =INDEX(Companies!$C$2:$C$31,MATCH(C74,Companies!$A$2:$A$31,0)) -> IT Services | M74: =INDEX(Companies!$D$2:$D$31,MATCH(C74,Companies!$A$2:$A$31,0)) -> Tier 3 | N74: =MATCH(F74,Assumptions!$K$4:$K$8,0) -> 3 | O74: =IF(H74="Yes",MONTH(I74),"") | P74: =IF(H74="Yes",B74,"")
A75: A00074 | B75: S0108 | C75: C02 | D75: Data Scientist | E75: 45158 | F75: Online Test | J75: =INDEX(Students!$C$2:$C$601,MATCH(B75,Students!$A$2:$A$601,0)) -> Batch 2024 | K75: =INDEX(Students!$D$2:$D$601,MATCH(B75,Students!$A$2:$A$601,0)) -> Data Science & ML | L75: =INDEX(Companies!$C$2:$C$31,MATCH(C75,Companies!$A$2:$A$31,0)) -> Product | M75: =INDEX(Companies!$D$2:$D$31,MATCH(C75,Companies!$A$2:$A$31,0)) -> Tier 1 | N75: =MATCH(F75,Assumptions!$K$4:$K$8,0) -> 2 | O75: =IF(H75="Yes",MONTH(I75),"") | P75: =IF(H75="Yes",B75,"")
A76: A00075 | B76: S0044 | C76: C04 | D76: Data Scientist | E76: 45158 | F76: Applied | J76: =INDEX(Students!$C$2:$C$601,MATCH(B76,Students!$A$2:$A$601,0)) -> Batch 2024 | K76: =INDEX(Students!$D$2:$D$601,MATCH(B76,Students!$A$2:$A$601,0)) -> Data Science & ML | L76: =INDEX(Companies!$C$2:$C$31,MATCH(C76,Companies!$A$2:$A$31,0)) -> E-commerce | M76: =INDEX(Companies!$D$2:$D$31,MATCH(C76,Companies!$A$2:$A$31,0)) -> Tier 1 | N76: =MATCH(F76,Assumptions!$K$4:$K$8,0) -> 1 | O76: =IF(H76="Yes",MONTH(I76),"") | P76: =IF(H76="Yes",B76,"")
A77: A00076 | B77: S0063 | C77: C23 | D77: ML Engineer | E77: 45158 | F77: Offered | G77: 5.5 | H77: No | I77: 45211 | J77: =INDEX(Students!$C$2:$C$601,MATCH(B77,Students!$A$2:$A$601,0)) -> Batch 2024 | K77: =INDEX(Students!$D$2:$D$601,MATCH(B77,Students!$A$2:$A$601,0)) -> Data Science & ML | L77: =INDEX(Companies!$C$2:$C$31,MATCH(C77,Companies!$A$2:$A$31,0)) -> IT Services | M77: =INDEX(Companies!$D$2:$D$31,MATCH(C77,Companies!$A$2:$A$31,0)) -> Tier 3 | N77: =MATCH(F77,Assumptions!$K$4:$K$8,0) -> 5 | O77: =IF(H77="Yes",MONTH(I77),"") | P77: =IF(H77="Yes",B77,"")
A78: A00077 | B78: S0104 | C78: C10 | D78: Full Stack Developer | E78: 45158 | F78: Online Test | J78: =INDEX(Students!$C$2:$C$601,MATCH(B78,Students!$A$2:$A$601,0)) -> Batch 2024 | K78: =INDEX(Students!$D$2:$D$601,MATCH(B78,Students!$A$2:$A$601,0)) -> Full Stack Development | L78: =INDEX(Companies!$C$2:$C$31,MATCH(C78,Companies!$A$2:$A$31,0)) -> Fintech | M78: =INDEX(Companies!$D$2:$D$31,MATCH(C78,Companies!$A$2:$A$31,0)) -> Tier 2 | N78: =MATCH(F78,Assumptions!$K$4:$K$8,0) -> 2 | O78: =IF(H78="Yes",MONTH(I78),"") | P78: =IF(H78="Yes",B78,"")
A79: A00078 | B79: S0140 | C79: C07 | D79: SOC Analyst | E79: 45159 | F79: Applied | J79: =INDEX(Students!$C$2:$C$601,MATCH(B79,Students!$A$2:$A$601,0)) -> Batch 2024 | K79: =INDEX(Students!$D$2:$D$601,MATCH(B79,Students!$A$2:$A$601,0)) -> Cybersecurity | L79: =INDEX(Companies!$C$2:$C$31,MATCH(C79,Companies!$A$2:$A$31,0)) -> E-commerce | M79: =INDEX(Companies!$D$2:$D$31,MATCH(C79,Companies!$A$2:$A$31,0)) -> Tier 2 | N79: =MATCH(F79,Assumptions!$K$4:$K$8,0) -> 1 | O79: =IF(H79="Yes",MONTH(I79),"") | P79: =IF(H79="Yes",B79,"")
A80: A00079 | B80: S0074 | C80: C20 | D80: ML Engineer | E80: 45159 | F80: Online Test | J80: =INDEX(Students!$C$2:$C$601,MATCH(B80,Students!$A$2:$A$601,0)) -> Batch 2024 | K80: =INDEX(Students!$D$2:$D$601,MATCH(B80,Students!$A$2:$A$601,0)) -> Data Science & ML | L80: =INDEX(Companies!$C$2:$C$31,MATCH(C80,Companies!$A$2:$A$31,0)) -> IT Services | M80: =INDEX(Companies!$D$2:$D$31,MATCH(C80,Companies!$A$2:$A$31,0)) -> Tier 3 | N80: =MATCH(F80,Assumptions!$K$4:$K$8,0) -> 2 | O80: =IF(H80="Yes",MONTH(I80),"") | P80: =IF(H80="Yes",B80,"")
A81: A00080 | B81: S0170 | C81: C05 | D81: Software Engineer | E81: 45159 | F81: Applied | J81: =INDEX(Students!$C$2:$C$601,MATCH(B81,Students!$A$2:$A$601,0)) -> Batch 2024 | K81: =INDEX(Students!$D$2:$D$601,MATCH(B81,Students!$A$2:$A$601,0)) -> Full Stack Development | L81: =INDEX(Companies!$C$2:$C$31,MATCH(C81,Companies!$A$2:$A$31,0)) -> Analytics & Consulting | M81: =INDEX(Companies!$D$2:$D$31,MATCH(C81,Companies!$A$2:$A$31,0)) -> Tier 1 | N81: =MATCH(F81,Assumptions!$K$4:$K$8,0) -> 1 | O81: =IF(H81="Yes",MONTH(I81),"") | P81: =IF(H81="Yes",B81,"")
A82: A00081 | B82: S0156 | C82: C03 | D82: Full Stack Developer | E82: 45159 | F82: Offered | G82: 20.5 | H82: Yes | I82: 45197 | J82: =INDEX(Students!$C$2:$C$601,MATCH(B82,Students!$A$2:$A$601,0)) -> Batch 2024 | K82: =INDEX(Students!$D$2:$D$601,MATCH(B82,Students!$A$2:$A$601,0)) -> Full Stack Development | L82: =INDEX(Companies!$C$2:$C$31,MATCH(C82,Companies!$A$2:$A$31,0)) -> Fintech | M82: =INDEX(Companies!$D$2:$D$31,MATCH(C82,Companies!$A$2:$A$31,0)) -> Tier 1 | N82: =MATCH(F82,Assumptions!$K$4:$K$8,0) -> 5 | O82: =IF(H82="Yes",MONTH(I82),"") -> 9 | P82: =IF(H82="Yes",B82,"") -> S0156
A83: A00082 | B83: S0145 | C83: C28 | D83: Data Analyst | E83: 45159 | F83: Technical Interview | J83: =INDEX(Students!$C$2:$C$601,MATCH(B83,Students!$A$2:$A$601,0)) -> Batch 2024 | K83: =INDEX(Students!$D$2:$D$601,MATCH(B83,Students!$A$2:$A$601,0)) -> Data Analytics | L83: =INDEX(Companies!$C$2:$C$31,MATCH(C83,Companies!$A$2:$A$31,0)) -> Healthtech | M83: =INDEX(Companies!$D$2:$D$31,MATCH(C83,Companies!$A$2:$A$31,0)) -> Tier 3 | N83: =MATCH(F83,Assumptions!$K$4:$K$8,0) -> 3 | O83: =IF(H83="Yes",MONTH(I83),"") | P83: =IF(H83="Yes",B83,"")
A84: A00083 | B84: S0177 | C84: C26 | D84: BI Analyst | E84: 45159 | F84: Online Test | J84: =INDEX(Students!$C$2:$C$601,MATCH(B84,Students!$A$2:$A$601,0)) -> Batch 2024 | K84: =INDEX(Students!$D$2:$D$601,MATCH(B84,Students!$A$2:$A$601,0)) -> Data Analytics | L84: =INDEX(Companies!$C$2:$C$31,MATCH(C84,Companies!$A$2:$A$31,0)) -> IT Services | M84: =INDEX(Companies!$D$2:$D$31,MATCH(C84,Companies!$A$2:$A$31,0)) -> Tier 3 | N84: =MATCH(F84,Assumptions!$K$4:$K$8,0) -> 2 | O84: =IF(H84="Yes",MONTH(I84),"") | P84: =IF(H84="Yes",B84,"")
A85: A00084 | B85: S0088 | C85: C13 | D85: Backend Engineer | E85: 45159 | F85: Online Test | J85: =INDEX(Students!$C$2:$C$601,MATCH(B85,Students!$A$2:$A$601,0)) -> Batch 2024 | K85: =INDEX(Students!$D$2:$D$601,MATCH(B85,Students!$A$2:$A$601,0)) -> DSA with Java | L85: =INDEX(Companies!$C$2:$C$31,MATCH(C85,Companies!$A$2:$A$31,0)) -> Fintech | M85: =INDEX(Companies!$D$2:$D$31,MATCH(C85,Companies!$A$2:$A$31,0)) -> Tier 2 | N85: =MATCH(F85,Assumptions!$K$4:$K$8,0) -> 2 | O85: =IF(H85="Yes",MONTH(I85),"") | P85: =IF(H85="Yes",B85,"")
A86: A00085 | B86: S0067 | C86: C08 | D86: Data Scientist | E86: 45160 | F86: Applied | J86: =INDEX(Students!$C$2:$C$601,MATCH(B86,Students!$A$2:$A$601,0)) -> Batch 2024 | K86: =INDEX(Students!$D$2:$D$601,MATCH(B86,Students!$A$2:$A$601,0)) -> Data Science & ML | L86: =INDEX(Companies!$C$2:$C$31,MATCH(C86,Companies!$A$2:$A$31,0)) -> EdTech | M86: =INDEX(Companies!$D$2:$D$31,MATCH(C86,Companies!$A$2:$A$31,0)) -> Tier 2 | N86: =MATCH(F86,Assumptions!$K$4:$K$8,0) -> 1 | O86: =IF(H86="Yes",MONTH(I86),"") | P86: =IF(H86="Yes",B86,"")
A87: A00086 | B87: S0091 | C87: C27 | D87: Software Development Engineer | E87: 45160 | F87: Offered | G87: 6.4 | H87: No | I87: 45213 | J87: =INDEX(Students!$C$2:$C$601,MATCH(B87,Students!$A$2:$A$601,0)) -> Batch 2024 | K87: =INDEX(Students!$D$2:$D$601,MATCH(B87,Students!$A$2:$A$601,0)) -> DSA with Java | L87: =INDEX(Companies!$C$2:$C$31,MATCH(C87,Companies!$A$2:$A$31,0)) -> EdTech | M87: =INDEX(Companies!$D$2:$D$31,MATCH(C87,Companies!$A$2:$A$31,0)) -> Tier 3 | N87: =MATCH(F87,Assumptions!$K$4:$K$8,0) -> 5 | O87: =IF(H87="Yes",MONTH(I87),"") | P87: =IF(H87="Yes",B87,"")
A88: A00087 | B88: S0094 | C88: C22 | D88: Full Stack Developer | E88: 45160 | F88: Offered | G88: 5.9 | H88: Yes | I88: 45198 | J88: =INDEX(Students!$C$2:$C$601,MATCH(B88,Students!$A$2:$A$601,0)) -> Batch 2024 | K88: =INDEX(Students!$D$2:$D$601,MATCH(B88,Students!$A$2:$A$601,0)) -> Full Stack Development | L88: =INDEX(Companies!$C$2:$C$31,MATCH(C88,Companies!$A$2:$A$31,0)) -> IT Services | M88: =INDEX(Companies!$D$2:$D$31,MATCH(C88,Companies!$A$2:$A$31,0)) -> Tier 3 | N88: =MATCH(F88,Assumptions!$K$4:$K$8,0) -> 5 | O88: =IF(H88="Yes",MONTH(I88),"") -> 9 | P88: =IF(H88="Yes",B88,"") -> S0094
A89: A00088 | B89: S0094 | C89: C24 | D89: Software Engineer | E89: 45160 | F89: HR Interview | J89: =INDEX(Students!$C$2:$C$601,MATCH(B89,Students!$A$2:$A$601,0)) -> Batch 2024 | K89: =INDEX(Students!$D$2:$D$601,MATCH(B89,Students!$A$2:$A$601,0)) -> Full Stack Development | L89: =INDEX(Companies!$C$2:$C$31,MATCH(C89,Companies!$A$2:$A$31,0)) -> IT Services | M89: =INDEX(Companies!$D$2:$D$31,MATCH(C89,Companies!$A$2:$A$31,0)) -> Tier 3 | N89: =MATCH(F89,Assumptions!$K$4:$K$8,0) -> 4 | O89: =IF(H89="Yes",MONTH(I89),"") | P89: =IF(H89="Yes",B89,"")
A90: A00089 | B90: S0057 | C90: C02 | D90: Full Stack Developer | E90: 45160 | F90: Applied | J90: =INDEX(Students!$C$2:$C$601,MATCH(B90,Students!$A$2:$A$601,0)) -> Batch 2024 | K90: =INDEX(Students!$D$2:$D$601,MATCH(B90,Students!$A$2:$A$601,0)) -> Full Stack Development | L90: =INDEX(Companies!$C$2:$C$31,MATCH(C90,Companies!$A$2:$A$31,0)) -> Product | M90: =INDEX(Companies!$D$2:$D$31,MATCH(C90,Companies!$A$2:$A$31,0)) -> Tier 1 | N90: =MATCH(F90,Assumptions!$K$4:$K$8,0) -> 1 | O90: =IF(H90="Yes",MONTH(I90),"") | P90: =IF(H90="Yes",B90,"")
A91: A00090 | B91: S0054 | C91: C07 | D91: Data Scientist | E91: 45160 | F91: HR Interview | J91: =INDEX(Students!$C$2:$C$601,MATCH(B91,Students!$A$2:$A$601,0)) -> Batch 2024 | K91: =INDEX(Students!$D$2:$D$601,MATCH(B91,Students!$A$2:$A$601,0)) -> Data Science & ML | L91: =INDEX(Companies!$C$2:$C$31,MATCH(C91,Companies!$A$2:$A$31,0)) -> E-commerce | M91: =INDEX(Companies!$D$2:$D$31,MATCH(C91,Companies!$A$2:$A$31,0)) -> Tier 2 | N91: =MATCH(F91,Assumptions!$K$4:$K$8,0) -> 4 | O91: =IF(H91="Yes",MONTH(I91),"") | P91: =IF(H91="Yes",B91,"")
A92: A00091 | B92: S0106 | C92: C19 | D92: Software Development Engineer | E92: 45161 | F92: HR Interview | J92: =INDEX(Students!$C$2:$C$601,MATCH(B92,Students!$A$2:$A$601,0)) -> Batch 2024 | K92: =INDEX(Students!$D$2:$D$601,MATCH(B92,Students!$A$2:$A$601,0)) -> DSA with Java | L92: =INDEX(Companies!$C$2:$C$31,MATCH(C92,Companies!$A$2:$A$31,0)) -> IT Services | M92: =INDEX(Companies!$D$2:$D$31,MATCH(C92,Companies!$A$2:$A$31,0)) -> Tier 3 | N92: =MATCH(F92,Assumptions!$K$4:$K$8,0) -> 4 | O92: =IF(H92="Yes",MONTH(I92),"") | P92: =IF(H92="Yes",B92,"")
A93: A00092 | B93: S0115 | C93: C14 | D93: Full Stack Developer | E93: 45161 | F93: Applied | J93: =INDEX(Students!$C$2:$C$601,MATCH(B93,Students!$A$2:$A$601,0)) -> Batch 2024 | K93: =INDEX(Students!$D$2:$D$601,MATCH(B93,Students!$A$2:$A$601,0)) -> Full Stack Development | L93: =INDEX(Companies!$C$2:$C$31,MATCH(C93,Companies!$A$2:$A$31,0)) -> E-commerce | M93: =INDEX(Companies!$D$2:$D$31,MATCH(C93,Companies!$A$2:$A$31,0)) -> Tier 2 | N93: =MATCH(F93,Assumptions!$K$4:$K$8,0) -> 1 | O93: =IF(H93="Yes",MONTH(I93),"") | P93: =IF(H93="Yes",B93,"")
A94: A00093 | B94: S0021 | C94: C30 | D94: Software Development Engineer | E94: 45161 | F94: HR Interview | J94: =INDEX(Students!$C$2:$C$601,MATCH(B94,Students!$A$2:$A$601,0)) -> Batch 2024 | K94: =INDEX(Students!$D$2:$D$601,MATCH(B94,Students!$A$2:$A$601,0)) -> DSA with Java | L94: =INDEX(Companies!$C$2:$C$31,MATCH(C94,Companies!$A$2:$A$31,0)) -> Analytics & Consulting | M94: =INDEX(Companies!$D$2:$D$31,MATCH(C94,Companies!$A$2:$A$31,0)) -> Tier 3 | N94: =MATCH(F94,Assumptions!$K$4:$K$8,0) -> 4 | O94: =IF(H94="Yes",MONTH(I94),"") | P94: =IF(H94="Yes",B94,"")
A95: A00094 | B95: S0178 | C95: C15 | D95: Software Engineer | E95: 45161 | F95: HR Interview | J95: =INDEX(Students!$C$2:$C$601,MATCH(B95,Students!$A$2:$A$601,0)) -> Batch 2024 | K95: =INDEX(Students!$D$2:$D$601,MATCH(B95,Students!$A$2:$A$601,0)) -> Full Stack Development | L95: =INDEX(Companies!$C$2:$C$31,MATCH(C95,Companies!$A$2:$A$31,0)) -> EdTech | M95: =INDEX(Companies!$D$2:$D$31,MATCH(C95,Companies!$A$2:$A$31,0)) -> Tier 2 | N95: =MATCH(F95,Assumptions!$K$4:$K$8,0) -> 4 | O95: =IF(H95="Yes",MONTH(I95),"") | P95: =IF(H95="Yes",B95,"")
A96: A00095 | B96: S0160 | C96: C10 | D96: Security Analyst | E96: 45161 | F96: Applied | J96: =INDEX(Students!$C$2:$C$601,MATCH(B96,Students!$A$2:$A$601,0)) -> Batch 2024 | K96: =INDEX(Students!$D$2:$D$601,MATCH(B96,Students!$A$2:$A$601,0)) -> Cybersecurity | L96: =INDEX(Companies!$C$2:$C$31,MATCH(C96,Companies!$A$2:$A$31,0)) -> Fintech | M96: =INDEX(Companies!$D$2:$D$31,MATCH(C96,Companies!$A$2:$A$31,0)) -> Tier 2 | N96: =MATCH(F96,Assumptions!$K$4:$K$8,0) -> 1 | O96: =IF(H96="Yes",MONTH(I96),"") | P96: =IF(H96="Yes",B96,"")
A97: A00096 | B97: S0008 | C97: C20 | D97: Software Development Engineer | E97: 45162 | F97: Offered | G97: 6.6 | H97: No | I97: 45209 | J97: =INDEX(Students!$C$2:$C$601,MATCH(B97,Students!$A$2:$A$601,0)) -> Batch 2024 | K97: =INDEX(Students!$D$2:$D$601,MATCH(B97,Students!$A$2:$A$601,0)) -> DSA with Java | L97: =INDEX(Companies!$C$2:$C$31,MATCH(C97,Companies!$A$2:$A$31,0)) -> IT Services | M97: =INDEX(Companies!$D$2:$D$31,MATCH(C97,Companies!$A$2:$A$31,0)) -> Tier 3 | N97: =MATCH(F97,Assumptions!$K$4:$K$8,0) -> 5 | O97: =IF(H97="Yes",MONTH(I97),"") | P97: =IF(H97="Yes",B97,"")
A98: A00097 | B98: S0178 | C98: C13 | D98: Software Engineer | E98: 45162 | F98: Applied | J98: =INDEX(Students!$C$2:$C$601,MATCH(B98,Students!$A$2:$A$601,0)) -> Batch 2024 | K98: =INDEX(Students!$D$2:$D$601,MATCH(B98,Students!$A$2:$A$601,0)) -> Full Stack Development | L98: =INDEX(Companies!$C$2:$C$31,MATCH(C98,Companies!$A$2:$A$31,0)) -> Fintech | M98: =INDEX(Companies!$D$2:$D$31,MATCH(C98,Companies!$A$2:$A$31,0)) -> Tier 2 | N98: =MATCH(F98,Assumptions!$K$4:$K$8,0) -> 1 | O98: =IF(H98="Yes",MONTH(I98),"") | P98: =IF(H98="Yes",B98,"")
A99: A00098 | B99: S0022 | C99: C27 | D99: Full Stack Developer | E99: 45162 | F99: Offered | G99: 6.8 | H99: No | I99: 45201 | J99: =INDEX(Students!$C$2:$C$601,MATCH(B99,Students!$A$2:$A$601,0)) -> Batch 2024 | K99: =INDEX(Students!$D$2:$D$601,MATCH(B99,Students!$A$2:$A$601,0)) -> Full Stack Development | L99: =INDEX(Companies!$C$2:$C$31,MATCH(C99,Companies!$A$2:$A$31,0)) -> EdTech | M99: =INDEX(Companies!$D$2:$D$31,MATCH(C99,Companies!$A$2:$A$31,0)) -> Tier 3 | N99: =MATCH(F99,Assumptions!$K$4:$K$8,0) -> 5 | O99: =IF(H99="Yes",MONTH(I99),"") | P99: =IF(H99="Yes",B99,"")
A100: A00099 | B100: S0137 | C100: C28 | D100: Data Analyst | E100: 45162 | F100: Applied | J100: =INDEX(Students!$C$2:$C$601,MATCH(B100,Students!$A$2:$A$601,0)) -> Batch 2024 | K100: =INDEX(Students!$D$2:$D$601,MATCH(B100,Students!$A$2:$A$601,0)) -> Data Analytics | L100: =INDEX(Companies!$C$2:$C$31,MATCH(C100,Companies!$A$2:$A$31,0)) -> Healthtech | M100: =INDEX(Companies!$D$2:$D$31,MATCH(C100,Companies!$A$2:$A$31,0)) -> Tier 3 | N100: =MATCH(F100,Assumptions!$K$4:$K$8,0) -> 1 | O100: =IF(H100="Yes",MONTH(I100),"") | P100: =IF(H100="Yes",B100,"")
...

Sheet Companies
A1: Company ID | B1: Company Name | C1: Sector | D1: Tier | E1: HQ City | F1: Applications | G1: Offers Made | H1: Hires | I1: Offer-to-Hire % | J1: Avg CTC (LPA) | K1: Rank Key | M1: Note: Applications / Offers / Hires respond to the Batch selector on the Dashboard.
A2: C01 | B2: Nimbus Cloud Systems | C2: Product | D2: Tier 1 | E2: Bengaluru | F2: =COUNTIFS(Applications!$C$2:$C$3144,A2,Applications!$J$2:$J$3144,Analysis!$B$2) -> 80 | G2: =COUNTIFS(Applications!$C$2:$C$3144,A2,Applications!$F$2:$F$3144,"Offered",Applications!$J$2:$J$3144,Analysis!$B$2) -> 10 | H2: =COUNTIFS(Applications!$C$2:$C$3144,A2,Applications!$H$2:$H$3144,"Yes",Applications!$J$2:$J$3144,Analysis!$B$2) -> 8 | I2: =IF(G2=0,0,H2/G2) -> 0.8 | J2: =IFERROR(AVERAGEIFS(Applications!$G$2:$G$3144,Applications!$C$2:$C$3144,A2,Applications!$H$2:$H$3144,"Yes",Applications!$J$2:$J$3144,Analysis!$B$2),0) -> 25.6375 | K2: =H2-ROW()/100000 -> 7.99998
A3: C02 | B3: Quantora Labs | C3: Product | D3: Tier 1 | E3: Hyderabad | F3: =COUNTIFS(Applications!$C$2:$C$3144,A3,Applications!$J$2:$J$3144,Analysis!$B$2) -> 86 | G3: =COUNTIFS(Applications!$C$2:$C$3144,A3,Applications!$F$2:$F$3144,"Offered",Applications!$J$2:$J$3144,Analysis!$B$2) -> 6 | H3: =COUNTIFS(Applications!$C$2:$C$3144,A3,Applications!$H$2:$H$3144,"Yes",Applications!$J$2:$J$3144,Analysis!$B$2) -> 5 | I3: =IF(G3=0,0,H3/G3) -> 0.83333333 | J3: =IFERROR(AVERAGEIFS(Applications!$G$2:$G$3144,Applications!$C$2:$C$3144,A3,Applications!$H$2:$H$3144,"Yes",Applications!$J$2:$J$3144,Analysis!$B$2),0) -> 20.96 | K3: =H3-ROW()/100000 -> 4.99997
A4: C03 | B4: Zenith Pay | C4: Fintech | D4: Tier 1 | E4: Mumbai | F4: =COUNTIFS(Applications!$C$2:$C$3144,A4,Applications!$J$2:$J$3144,Analysis!$B$2) -> 70 | G4: =COUNTIFS(Applications!$C$2:$C$3144,A4,Applications!$F$2:$F$3144,"Offered",Applications!$J$2:$J$3144,Analysis!$B$2) -> 13 | H4: =COUNTIFS(Applications!$C$2:$C$3144,A4,Applications!$H$2:$H$3144,"Yes",Applications!$J$2:$J$3144,Analysis!$B$2) -> 13 | I4: =IF(G4=0,0,H4/G4) -> 1 | J4: =IFERROR(AVERAGEIFS(Applications!$G$2:$G$3144,Applications!$C$2:$C$3144,A4,Applications!$H$2:$H$3144,"Yes",Applications!$J$2:$J$3144,Analysis!$B$2),0) -> 24.215385 | K4: =H4-ROW()/100000 -> 12.99996
A5: C04 | B5: Orbitly | C5: E-commerce | D5: Tier 1 | E5: Bengaluru | F5: =COUNTIFS(Applications!$C$2:$C$3144,A5,Applications!$J$2:$J$3144,Analysis!$B$2) -> 67 | G5: =COUNTIFS(Applications!$C$2:$C$3144,A5,Applications!$F$2:$F$3144,"Offered",Applications!$J$2:$J$3144,Analysis!$B$2) -> 9 | H5: =COUNTIFS(Applications!$C$2:$C$3144,A5,Applications!$H$2:$H$3144,"Yes",Applications!$J$2:$J$3144,Analysis!$B$2) -> 7 | I5: =IF(G5=0,0,H5/G5) -> 0.77777778 | J5: =IFERROR(AVERAGEIFS(Applications!$G$2:$G$3144,Applications!$C$2:$C$3144,A5,Applications!$H$2:$H$3144,"Yes",Applications!$J$2:$J$3144,Analysis!$B$2),0) -> 24.3 | K5: =H5-ROW()/100000 -> 6.99995
A6: C05 | B6: Vertex AI Works | C6: Analytics & Consulting | D6: Tier 1 | E6: Bengaluru | F6: =COUNTIFS(Applications!$C$2:$C$3144,A6,Applications!$J$2:$J$3144,Analysis!$B$2) -> 73 | G6: =COUNTIFS(Applications!$C$2:$C$3144,A6,Applications!$F$2:$F$3144,"Offered",Applications!$J$2:$J$3144,Analysis!$B$2) -> 4 | H6: =COUNTIFS(Applications!$C$2:$C$3144,A6,Applications!$H$2:$H$3144,"Yes",Applications!$J$2:$J$3144,Analysis!$B$2) -> 4 | I6: =IF(G6=0,0,H6/G6) -> 1 | J6: =IFERROR(AVERAGEIFS(Applications!$G$2:$G$3144,Applications!$C$2:$C$3144,A6,Applications!$H$2:$H$3144,"Yes",Applications!$J$2:$J$3144,Analysis!$B$2),0) -> 21.3 | K6: =H6-ROW()/100000 -> 3.99994
A7: C06 | B7: HelixSecure | C7: Cybersecurity | D7: Tier 1 | E7: Pune | F7: =COUNTIFS(Applications!$C$2:$C$3144,A7,Applications!$J$2:$J$3144,Analysis!$B$2) -> 67 | G7: =COUNTIFS(Applications!$C$2:$C$3144,A7,Applications!$F$2:$F$3144,"Offered",Applications!$J$2:$J$3144,Analysis!$B$2) -> 2 | H7: =COUNTIFS(Applications!$C$2:$C$3144,A7,Applications!$H$2:$H$3144,"Yes",Applications!$J$2:$J$3144,Analysis!$B$2) -> 2 | I7: =IF(G7=0,0,H7/G7) -> 1 | J7: =IFERROR(AVERAGEIFS(Applications!$G$2:$G$3144,Applications!$C$2:$C$3144,A7,Applications!$H$2:$H$3144,"Yes",Applications!$J$2:$J$3144,Analysis!$B$2),0) -> 24.3 | K7: =H7-ROW()/100000 -> 1.99993
A8: C07 | B8: CartNest | C8: E-commerce | D8: Tier 2 | E8: Gurugram | F8: =COUNTIFS(Applications!$C$2:$C$3144,A8,Applications!$J$2:$J$3144,Analysis!$B$2) -> 93 | G8: =COUNTIFS(Applications!$C$2:$C$3144,A8,Applications!$F$2:$F$3144,"Offered",Applications!$J$2:$J$3144,Analysis!$B$2) -> 26 | H8: =COUNTIFS(Applications!$C$2:$C$3144,A8,Applications!$H$2:$H$3144,"Yes",Applications!$J$2:$J$3144,Analysis!$B$2) -> 12 | I8: =IF(G8=0,0,H8/G8) -> 0.46153846 | J8: =IFERROR(AVERAGEIFS(Applications!$G$2:$G$3144,Applications!$C$2:$C$3144,A8,Applications!$H$2:$H$3144,"Yes",Applications!$J$2:$J$3144,Analysis!$B$2),0) -> 11.891667 | K8: =H8-ROW()/100000 -> 11.99992
A9: C08 | B9: LearnLoop | C9: EdTech | D9: Tier 2 | E9: Noida | F9: =COUNTIFS(Applications!$C$2:$C$3144,A9,Applications!$J$2:$J$3144,Analysis!$B$2) -> 92 | G9: =COUNTIFS(Applications!$C$2:$C$3144,A9,Applications!$F$2:$F$3144,"Offered",Applications!$J$2:$J$3144,Analysis!$B$2) -> 17 | H9: =COUNTIFS(Applications!$C$2:$C$3144,A9,Applications!$H$2:$H$3144,"Yes",Applications!$J$2:$J$3144,Analysis!$B$2) -> 11 | I9: =IF(G9=0,0,H9/G9) -> 0.64705882 | J9: =IFERROR(AVERAGEIFS(Applications!$G$2:$G$3144,Applications!$C$2:$C$3144,A9,Applications!$H$2:$H$3144,"Yes",Applications!$J$2:$J$3144,Analysis!$B$2),0) -> 11.9 | K9: =H9-ROW()/100000 -> 10.99991
A10: C09 | B10: MediSphere | C10: Healthtech | D10: Tier 2 | E10: Bengaluru | F10: =COUNTIFS(Applications!$C$2:$C$3144,A10,Applications!$J$2:$J$3144,Analysis!$B$2) -> 98 | G10: =COUNTIFS(Applications!$C$2:$C$3144,A10,Applications!$F$2:$F$3144,"Offered",Applications!$J$2:$J$3144,Analysis!$B$2) -> 19 | H10: =COUNTIFS(Applications!$C$2:$C$3144,A10,Applications!$H$2:$H$3144,"Yes",Applications!$J$2:$J$3144,Analysis!$B$2) -> 15 | I10: =IF(G10=0,0,H10/G10) -> 0.78947368 | J10: =IFERROR(AVERAGEIFS(Applications!$G$2:$G$3144,Applications!$C$2:$C$3144,A10,Applications!$H$2:$H$3144,"Yes",Applications!$J$2:$J$3144,Analysis!$B$2),0) -> 12.326667 | K10: =H10-ROW()/100000 -> 14.9999
A11: C10 | B11: FinStack | C11: Fintech | D11: Tier 2 | E11: Pune | F11: =COUNTIFS(Applications!$C$2:$C$3144,A11,Applications!$J$2:$J$3144,Analysis!$B$2) -> 114 | G11: =COUNTIFS(Applications!$C$2:$C$3144,A11,Applications!$F$2:$F$3144,"Offered",Applications!$J$2:$J$3144,Analysis!$B$2) -> 30 | H11: =COUNTIFS(Applications!$C$2:$C$3144,A11,Applications!$H$2:$H$3144,"Yes",Applications!$J$2:$J$3144,Analysis!$B$2) -> 19 | I11: =IF(G11=0,0,H11/G11) -> 0.63333333 | J11: =IFERROR(AVERAGEIFS(Applications!$G$2:$G$3144,Applications!$C$2:$C$3144,A11,Applications!$H$2:$H$3144,"Yes",Applications!$J$2:$J$3144,Analysis!$B$2),0) -> 12.536842 | K11: =H11-ROW()/100000 -> 18.99989
A12: C11 | B12: DataBridge Analytics | C12: Analytics & Consulting | D12: Tier 2 | E12: Hyderabad | F12: =COUNTIFS(Applications!$C$2:$C$3144,A12,Applications!$J$2:$J$3144,Analysis!$B$2) -> 96 | G12: =COUNTIFS(Applications!$C$2:$C$3144,A12,Applications!$F$2:$F$3144,"Offered",Applications!$J$2:$J$3144,Analysis!$B$2) -> 20 | H12: =COUNTIFS(Applications!$C$2:$C$3144,A12,Applications!$H$2:$H$3144,"Yes",Applications!$J$2:$J$3144,Analysis!$B$2) -> 13 | I12: =IF(G12=0,0,H12/G12) -> 0.65 | J12: =IFERROR(AVERAGEIFS(Applications!$G$2:$G$3144,Applications!$C$2:$C$3144,A12,Applications!$H$2:$H$3144,"Yes",Applications!$J$2:$J$3144,Analysis!$B$2),0) -> 11.730769 | K12: =H12-ROW()/100000 -> 12.99988
A13: C12 | B13: CloudKraft | C13: Product | D13: Tier 2 | E13: Chennai | F13: =COUNTIFS(Applications!$C$2:$C$3144,A13,Applications!$J$2:$J$3144,Analysis!$B$2) -> 105 | G13: =COUNTIFS(Applications!$C$2:$C$3144,A13,Applications!$F$2:$F$3144,"Offered",Applications!$J$2:$J$3144,Analysis!$B$2) -> 19 | H13: =COUNTIFS(Applications!$C$2:$C$3144,A13,Applications!$H$2:$H$3144,"Yes",Applications!$J$2:$J$3144,Analysis!$B$2) -> 15 | I13: =IF(G13=0,0,H13/G13) -> 0.78947368 | J13: =IFERROR(AVERAGEIFS(Applications!$G$2:$G$3144,Applications!$C$2:$C$3144,A13,Applications!$H$2:$H$3144,"Yes",Applications!$J$2:$J$3144,Analysis!$B$2),0) -> 11.793333 | K13: =H13-ROW()/100000 -> 14.99987
... A31: C30 | B31: DataHarbor | C31: Analytics & Consulting | D31: Tier 3 | E31: Pune | F31: =COUNTIFS(Applications!$C$2:$C$3144,A31,Applications!$J$2:$J$3144,Analysis!$B$2) -> 111 | G31: =COUNTIFS(Applications!$C$2:$C$3144,A31,Applications!$F$2:$F$3144,"Offered",Applications!$J$2:$J$3144,Analysis!$B$2) -> 48 | H31: =COUNTIFS(Applications!$C$2:$C$3144,A31,Applications!$H$2:$H$3144,"Yes",Applications!$J$2:$J$3144,Analysis!$B$2) -> 16 | I31: =IF(G31=0,0,H31/G31) -> 0.33333333 | J31: =IFERROR(AVERAGEIFS(Applications!$G$2:$G$3144,Applications!$C$2:$C$3144,A31,Applications!$H$2:$H$3144,"Yes",Applications!$J$2:$J$3144,Analysis!$B$2),0) -> 6.33125 | K31: =H31-ROW()/100000 -> 15.99969

Sheet Assumptions
A1: Assumptions & Lookup Tables
A2: Blue cells are inputs - edit them and every sheet recalculates.
A3: Readiness Score Weight | B3: Weight | D3: Min Score | E3: Readiness Tier | G3: CTC Band | H3: From (LPA) | I3: To (LPA) | K3: Hiring Stage (in order) | M3: Season Month | N3: Month No. | P3: Batch Selector List
A4: DSA problems solved | B4: 0.3 | D4: 0 | E4: Foundation | G4: Below 5 LPA | H4: 0 | I4: 5 | K4: Applied | M4: Jul | N4: 7 | P4: All
A5: CGPA | B5: 0.2 | D5: 50 | E5: Developing | G5: 5 - 8 LPA | H5: 5 | I5: 8 | K5: Online Test | M5: Aug | N5: 8 | P5: Batch 2024
A6: Projects | B6: 0.2 | D6: 65 | E6: Job-Ready | G6: 8 - 12 LPA | H6: 8 | I6: 12 | K6: Technical Interview | M6: Sep | N6: 9 | P6: Batch 2025
A7: Mock interview score | B7: 0.2 | D7: 80 | E7: Elite | G7: 12 - 18 LPA | H7: 12 | I7: 18 | K7: HR Interview | M7: Oct | N7: 10 | P7: Batch 2026
A8: Internship experience | B8: 0.1 | G8: 18+ LPA | H8: 18 | I8: 999 | K8: Offered | M8: Nov | N8: 11
A9: Total (must be 100%) | B9: =SUM(B4:B8) -> 1 | C9: =IF(ROUND(B9,4)=1,"OK","Weights must sum to 100%") -> OK | M9: Dec | N9: 12
A10: Full-score Target | B10: Value | M10: Jan | N10: 1
A11: DSA problems for a full score | B11: 500 | M11: Feb | N11: 2
A12: Projects for a full score | B12: 5 | M12: Mar | N12: 3
M13: Apr | N13: 4
M14: May | N14: 5
M15: Jun | N15: 6
